ts,equity_GBPUSD,equity_USDJPY,equity_XAUUSD,portfolio_equity
2020-01-02 00:00:00+00:00,1.0,1.0,1.0,1.0
2020-01-03 00:00:00+00:00,1.0,1.0,1.0,1.0
2020-01-05 00:00:00+00:00,1.0,1.0,1.0,1.0
2020-01-06 00:00:00+00:00,1.0,1.0,1.0,1.0
2020-01-07 00:00:00+00:00,1.0,1.0,1.0,1.0
2020-01-08 00:00:00+00:00,1.0,1.0,1.0,1.0
2020-01-09 00:00:00+00:00,1.0,1.0,1.0,1.0
2020-01-10 00:00:00+00:00,1.0,1.0,1.0,1.0
2020-01-12 00:00:00+00:00,1.0,1.0,1.0,1.0
2020-01-13 00:00:00+00:00,1.0,1.0,1.0,1.0
2020-01-14 00:00:00+00:00,1.0,1.0,1.0,1.0
2020-01-15 00:00:00+00:00,1.0,1.0,1.0,1.0
2020-01-16 00:00:00+00:00,1.0,1.0,1.0,1.0
2020-01-17 00:00:00+00:00,1.0,1.0,1.0,1.0
2020-01-19 00:00:00+00:00,1.0,1.0,1.0,1.0
2020-01-20 00:00:00+00:00,0.999885,0.99991,0.99979,0.9998616666666665
2020-01-21 00:00:00+00:00,0.999885,0.99991,0.99979,0.9998616666666665
2020-01-22 00:00:00+00:00,0.999885,0.99991,0.99979,0.9998616666666665
2020-01-23 00:00:00+00:00,1.0169115042521575,0.99991,0.99979,1.0055371680840526
2020-01-24 00:00:00+00:00,1.0169115042521575,0.99991,0.99979,1.0055371680840526
2020-01-26 00:00:00+00:00,1.0169115042521575,1.019775654789071,0.99979,1.012159053013743
2020-01-27 00:00:00+00:00,1.026335956063054,1.019775654789071,0.99979,1.0153005369507084
2020-01-28 00:00:00+00:00,1.026335956063054,1.019775654789071,0.99979,1.0153005369507084
2020-01-29 00:00:00+00:00,1.026335956063054,1.019775654789071,0.99979,1.0153005369507084
2020-01-30 00:00:00+00:00,1.026335956063054,1.019775654789071,0.99979,1.0153005369507084
2020-01-31 00:00:00+00:00,1.0291217751796444,1.019775654789071,0.99979,1.0162291433229051
2020-02-02 00:00:00+00:00,1.0291217751796444,1.019775654789071,0.99979,1.0162291433229051
2020-02-03 00:00:00+00:00,1.0291217751796444,1.019775654789071,0.99979,1.0162291433229051
2020-02-04 00:00:00+00:00,1.0404360865009337,1.019775654789071,0.99979,1.0200005804300016
2020-02-05 00:00:00+00:00,1.0404360865009337,1.0288685590098579,1.000522869033808,1.023275838181533
2020-02-06 00:00:00+00:00,1.0404360865009337,1.0288685590098579,1.000522869033808,1.023275838181533
2020-02-07 00:00:00+00:00,1.0404360865009337,1.0288685590098579,1.000522869033808,1.023275838181533
2020-02-09 00:00:00+00:00,1.0404360865009337,1.0288685590098579,1.0081812756631074,1.0258286403912995
2020-02-10 00:00:00+00:00,1.0404360865009337,1.0288685590098579,1.0081812756631074,1.0258286403912995
2020-02-11 00:00:00+00:00,1.0404360865009337,1.0288685590098579,1.0081812756631074,1.0258286403912995
2020-02-12 00:00:00+00:00,1.0404360865009337,1.0288685590098579,1.0098926587278834,1.0263991014128917
2020-02-13 00:00:00+00:00,1.0404360865009337,1.0288685590098579,1.0098926587278834,1.0263991014128917
2020-02-14 00:00:00+00:00,1.0452879100632249,1.0288685590098579,1.015485501848163,1.0298806569737486
2020-02-16 00:00:00+00:00,1.0452879100632249,1.0288685590098579,1.015485501848163,1.0298806569737486
2020-02-17 00:00:00+00:00,1.0452879100632249,1.0288685590098579,1.015485501848163,1.0298806569737486
2020-02-18 00:00:00+00:00,1.0494701363384218,1.0288685590098579,1.015485501848163,1.0312747323988143
2020-02-19 00:00:00+00:00,1.0494701363384218,1.0288685590098579,1.015485501848163,1.0312747323988143
2020-02-20 00:00:00+00:00,1.0494701363384218,1.0288685590098579,1.015485501848163,1.0312747323988143
2020-02-21 00:00:00+00:00,1.0494701363384218,1.0288685590098579,1.015485501848163,1.0312747323988143
2020-02-23 00:00:00+00:00,1.0494701363384218,1.0288685590098579,1.015485501848163,1.0312747323988143
2020-02-24 00:00:00+00:00,1.0494701363384218,1.0288685590098579,1.015485501848163,1.0312747323988143
2020-02-25 00:00:00+00:00,1.0494701363384218,1.0288685590098579,1.015485501848163,1.0312747323988143
2020-02-26 00:00:00+00:00,1.0488259110320384,1.0288685590098579,1.015485501848163,1.0310599906300197
2020-02-27 00:00:00+00:00,1.0591381348314346,1.0288685590098579,1.015485501848163,1.0344973985631518
2020-02-28 00:00:00+00:00,1.0591381348314346,1.0256274757258823,1.015485501848163,1.0334170374684932
2020-03-01 00:00:00+00:00,1.0591381348314346,1.0256274757258823,1.0043287697574248,1.0296981267715806
2020-03-02 00:00:00+00:00,1.0591381348314346,1.0256274757258823,1.0043287697574248,1.0296981267715806
2020-03-03 00:00:00+00:00,1.0591381348314346,1.0256274757258823,1.0043287697574248,1.0296981267715806
2020-03-04 00:00:00+00:00,1.0591381348314346,1.0256274757258823,1.0265371810678672,1.037100930541728
2020-03-05 00:00:00+00:00,1.0591381348314346,1.0256274757258823,1.0265371810678672,1.037100930541728
2020-03-06 00:00:00+00:00,1.0637709809910587,1.0256274757258823,1.0265371810678672,1.038645212594936
2020-03-08 00:00:00+00:00,1.0637709809910587,1.0256274757258823,1.0265371810678672,1.038645212594936
2020-03-09 00:00:00+00:00,1.0637709809910587,1.0256274757258823,1.0265371810678672,1.038645212594936
2020-03-10 00:00:00+00:00,1.0637709809910587,1.0256274757258823,1.0265371810678672,1.038645212594936
2020-03-11 00:00:00+00:00,1.0682158996429352,1.0256274757258823,1.0265371810678672,1.0401268521455616
2020-03-12 00:00:00+00:00,1.0682158996429352,1.0256274757258823,1.0265371810678672,1.0401268521455616
2020-03-13 00:00:00+00:00,1.0682158996429352,1.0256274757258823,1.0504312847785438,1.0480915533824537
2020-03-15 00:00:00+00:00,1.0682158996429352,0.9878273695202187,1.0504312847785438,1.0354915179805657
2020-03-16 00:00:00+00:00,1.0116116602173475,0.9878273695202187,1.0504312847785438,1.0166234381720367
2020-03-17 00:00:00+00:00,1.0116116602173475,0.9878273695202187,1.03010367561369,1.0098475684504187
2020-03-18 00:00:00+00:00,1.0116116602173475,0.9878273695202187,1.03010367561369,1.0098475684504187
2020-03-19 00:00:00+00:00,1.0116116602173475,0.9798894248525073,1.03010367561369,1.0072015868945148
2020-03-20 00:00:00+00:00,1.0116116602173475,0.9798894248525073,1.03010367561369,1.0072015868945148
2020-03-22 00:00:00+00:00,1.0116116602173475,0.9798894248525073,1.03010367561369,1.0072015868945148
2020-03-23 00:00:00+00:00,1.0116116602173475,0.9798894248525073,1.03010367561369,1.0072015868945148
2020-03-24 00:00:00+00:00,1.0116116602173475,0.9798894248525073,1.0146236911446862,1.0020415920715136
2020-03-25 00:00:00+00:00,1.0116116602173475,0.9798894248525073,1.0146236911446862,1.0020415920715136
2020-03-26 00:00:00+00:00,1.0116116602173475,0.9798894248525073,1.0146236911446862,1.0020415920715136
2020-03-27 00:00:00+00:00,1.0116116602173475,0.984022592289137,1.0146236911446862,1.0034193145503902
2020-03-29 00:00:00+00:00,1.0116116602173475,0.984022592289137,1.0146236911446862,1.0034193145503902
2020-03-30 00:00:00+00:00,1.0116116602173475,0.984022592289137,1.0146236911446862,1.0034193145503902
2020-03-31 00:00:00+00:00,1.0116116602173475,0.984022592289137,1.0146236911446862,1.0034193145503902
2020-04-01 00:00:00+00:00,1.0116116602173475,0.984022592289137,1.0146236911446862,1.0034193145503902
2020-04-02 00:00:00+00:00,1.0116116602173475,0.984022592289137,1.0146236911446862,1.0034193145503902
2020-04-03 00:00:00+00:00,1.0116116602173475,0.984022592289137,1.0146236911446862,1.0034193145503902
2020-04-05 00:00:00+00:00,1.0116116602173475,0.984022592289137,1.0146236911446862,1.0034193145503902
2020-04-06 00:00:00+00:00,1.0116116602173475,0.984022592289137,1.0146236911446862,1.0034193145503902
2020-04-07 00:00:00+00:00,1.0116116602173475,0.984022592289137,1.0146236911446862,1.0034193145503902
2020-04-08 00:00:00+00:00,1.0116116602173475,0.984022592289137,1.0146236911446862,1.0034193145503902
2020-04-09 00:00:00+00:00,1.0116116602173475,0.9848121622862811,1.0146236911446862,1.0036825045494382
2020-04-12 00:00:00+00:00,1.0116116602173475,0.981815416644754,1.0146236911446862,1.0026835893355959
2020-04-13 00:00:00+00:00,1.0116116602173475,0.981815416644754,1.0146236911446862,1.0026835893355959
2020-04-14 00:00:00+00:00,1.0116116602173475,0.981815416644754,1.0146236911446862,1.0026835893355959
2020-04-15 00:00:00+00:00,1.0116116602173475,0.981815416644754,1.0146236911446862,1.0026835893355959
2020-04-16 00:00:00+00:00,1.0116116602173475,0.981815416644754,1.0146236911446862,1.0026835893355959
2020-04-17 00:00:00+00:00,1.0116116602173475,0.981815416644754,1.0146236911446862,1.0026835893355959
2020-04-19 00:00:00+00:00,1.0116116602173475,0.981815416644754,1.0146236911446862,1.0026835893355959
2020-04-20 00:00:00+00:00,1.0116116602173475,0.981815416644754,1.0146236911446862,1.0026835893355959
2020-04-21 00:00:00+00:00,1.0116116602173475,0.981815416644754,1.0146236911446862,1.0026835893355959
2020-04-22 00:00:00+00:00,1.0116116602173475,0.981815416644754,1.0146236911446862,1.0026835893355959
2020-04-23 00:00:00+00:00,1.0116116602173475,0.981815416644754,1.0146236911446862,1.0026835893355959
2020-04-24 00:00:00+00:00,1.0116116602173475,0.981815416644754,1.0146236911446862,1.0026835893355959
2020-04-26 00:00:00+00:00,1.0116116602173475,0.981815416644754,1.0146236911446862,1.0026835893355959
2020-04-27 00:00:00+00:00,1.0116116602173475,0.981815416644754,1.0146236911446862,1.0026835893355959
2020-04-28 00:00:00+00:00,1.0116116602173475,0.981815416644754,1.0146236911446862,1.0026835893355959
2020-04-29 00:00:00+00:00,1.0116116602173475,0.981815416644754,1.0146236911446862,1.0026835893355959
2020-04-30 00:00:00+00:00,1.0116116602173475,0.981815416644754,1.0146236911446862,1.0026835893355959
2020-05-01 00:00:00+00:00,1.0116116602173475,0.981815416644754,1.0146236911446862,1.0026835893355959
2020-05-03 00:00:00+00:00,1.0116116602173475,0.981815416644754,1.0146236911446862,1.0026835893355959
2020-05-04 00:00:00+00:00,1.0116116602173475,0.981815416644754,1.0146236911446862,1.0026835893355959
2020-05-05 00:00:00+00:00,1.0116116602173475,0.981815416644754,1.0146236911446862,1.0026835893355959
2020-05-06 00:00:00+00:00,1.0116116602173475,0.981815416644754,1.0146236911446862,1.0026835893355959
2020-05-07 00:00:00+00:00,1.0116116602173475,0.981815416644754,1.0146236911446862,1.0026835893355959
2020-05-08 00:00:00+00:00,1.0116116602173475,0.981815416644754,1.0146236911446862,1.0026835893355959
2020-05-10 00:00:00+00:00,1.0116116602173475,0.981815416644754,1.0146236911446862,1.0026835893355959
2020-05-11 00:00:00+00:00,1.0116116602173475,0.981815416644754,1.0146236911446862,1.0026835893355959
2020-05-12 00:00:00+00:00,1.0116116602173475,0.981815416644754,1.0146236911446862,1.0026835893355959
2020-05-13 00:00:00+00:00,1.0116116602173475,0.981815416644754,1.0146236911446862,1.0026835893355959
2020-05-14 00:00:00+00:00,1.0116116602173475,0.981815416644754,1.0146236911446862,1.0026835893355959
2020-05-15 00:00:00+00:00,1.0116116602173475,0.981815416644754,1.0146236911446862,1.0026835893355959
2020-05-17 00:00:00+00:00,1.0116116602173475,0.981815416644754,1.0146236911446862,1.0026835893355959
2020-05-18 00:00:00+00:00,1.0116116602173475,0.981815416644754,1.0146236911446862,1.0026835893355959
2020-05-19 00:00:00+00:00,1.0116116602173475,0.986899707254755,1.0146236911446862,1.004378352872263
2020-05-20 00:00:00+00:00,1.0116116602173475,0.986899707254755,1.0146236911446862,1.004378352872263
2020-05-21 00:00:00+00:00,1.0116116602173475,0.986899707254755,1.0146236911446862,1.004378352872263
2020-05-22 00:00:00+00:00,1.0116116602173475,0.986899707254755,1.0146236911446862,1.004378352872263
2020-05-24 00:00:00+00:00,1.0116116602173475,0.986899707254755,1.0146236911446862,1.004378352872263
2020-05-25 00:00:00+00:00,1.0116116602173475,0.986899707254755,1.0146236911446862,1.004378352872263
2020-05-26 00:00:00+00:00,1.0116116602173475,0.986899707254755,1.0146236911446862,1.004378352872263
2020-05-27 00:00:00+00:00,1.0157955759975787,0.9887640396224142,1.0146236911446862,1.0063944355882264
2020-05-28 00:00:00+00:00,1.0085933492656065,0.9887640396224142,1.0146236911446862,1.0039936933442357
2020-05-29 00:00:00+00:00,1.0085933492656065,0.9887640396224142,1.0146236911446862,1.0039936933442357
2020-05-31 00:00:00+00:00,1.0085933492656065,0.9887640396224142,1.0146236911446862,1.0039936933442357
2020-06-01 00:00:00+00:00,1.0085933492656065,0.9887640396224142,1.0146236911446862,1.0039936933442357
2020-06-02 00:00:00+00:00,1.0085933492656065,0.9887640396224142,1.0146236911446862,1.0039936933442357
2020-06-03 00:00:00+00:00,1.0085933492656065,0.9887640396224142,1.0146236911446862,1.0039936933442357
2020-06-04 00:00:00+00:00,1.0085933492656065,0.9887640396224142,1.0146236911446862,1.0039936933442357
2020-06-05 00:00:00+00:00,1.0085933492656065,0.9887640396224142,1.0146236911446862,1.0039936933442357
2020-06-07 00:00:00+00:00,1.0085933492656065,0.9887640396224142,1.0146236911446862,1.0039936933442357
2020-06-08 00:00:00+00:00,1.0085933492656065,0.9887640396224142,1.0146236911446862,1.0039936933442357
2020-06-09 00:00:00+00:00,1.0085933492656065,0.9887640396224142,1.0146236911446862,1.0039936933442357
2020-06-10 00:00:00+00:00,1.0085933492656065,0.9887640396224142,1.0146236911446862,1.0039936933442357
2020-06-11 00:00:00+00:00,1.0085933492656065,0.9887640396224142,1.0146236911446862,1.0039936933442357
2020-06-12 00:00:00+00:00,1.0085933492656065,0.9887640396224142,1.0146236911446862,1.0039936933442357
2020-06-14 00:00:00+00:00,1.0085933492656065,0.9887640396224142,1.0146236911446862,1.0039936933442357
2020-06-15 00:00:00+00:00,1.0085933492656065,0.9920341342628017,1.0146236911446862,1.0050837248910314
2020-06-16 00:00:00+00:00,1.0085933492656065,0.9940165516327448,1.0146236911446862,1.0057445306810124
2020-06-17 00:00:00+00:00,1.0085933492656065,0.9940165516327448,1.0146236911446862,1.0057445306810124
2020-06-18 00:00:00+00:00,1.0085933492656065,0.9940165516327448,1.0146236911446862,1.0057445306810124
2020-06-19 00:00:00+00:00,0.992306673556658,0.9940165516327448,1.0146236911446862,1.0003156387780296
2020-06-21 00:00:00+00:00,0.992306673556658,0.9940165516327448,1.0146236911446862,1.0003156387780296
2020-06-22 00:00:00+00:00,0.985401345993041,0.9940165516327448,1.0146236911446862,0.9980138629234907
2020-06-23 00:00:00+00:00,0.9714819394655857,0.9940165516327448,1.0146236911446862,0.9933740607476723
2020-06-24 00:00:00+00:00,0.9714819394655857,0.9940165516327448,1.0146236911446862,0.9933740607476723
2020-06-25 00:00:00+00:00,0.9639201254719866,0.9940165516327448,1.0146236911446862,0.9908534560831392
2020-06-26 00:00:00+00:00,0.9639201254719866,0.9940165516327448,1.0146236911446862,0.9908534560831392
2020-06-28 00:00:00+00:00,0.9639201254719866,0.9996892643852764,1.0146236911446862,0.9927443603339831
2020-06-29 00:00:00+00:00,0.9639201254719866,1.0017818554076137,1.0146236911446862,0.9934418906747622
2020-06-30 00:00:00+00:00,0.9639201254719866,1.0017818554076137,1.0146236911446862,0.9934418906747622
2020-07-01 00:00:00+00:00,0.9639201254719866,1.0017818554076137,1.0146236911446862,0.9934418906747622
2020-07-02 00:00:00+00:00,0.9639201254719866,1.0017818554076137,1.0146236911446862,0.9934418906747622
2020-07-03 00:00:00+00:00,0.9593925196118083,1.0017818554076137,1.0146236911446862,0.9919326887213694
2020-07-05 00:00:00+00:00,0.9590491777466519,1.0017818554076137,1.0146236911446862,0.9918182414329838
2020-07-06 00:00:00+00:00,0.9590491777466519,1.0017818554076137,1.0146236911446862,0.9918182414329838
2020-07-07 00:00:00+00:00,0.9590491777466519,1.0017818554076137,1.0146236911446862,0.9918182414329838
2020-07-08 00:00:00+00:00,0.9590491777466519,1.0017818554076137,1.0146236911446862,0.9918182414329838
2020-07-09 00:00:00+00:00,0.9590491777466519,1.0017818554076137,1.0146236911446862,0.9918182414329838
2020-07-10 00:00:00+00:00,0.9590491777466519,1.0017818554076137,1.0146236911446862,0.9918182414329838
2020-07-12 00:00:00+00:00,0.9590491777466519,1.0064709017437907,1.0146236911446862,0.9933812568783763
2020-07-13 00:00:00+00:00,0.9590491777466519,1.0064709017437907,1.0146236911446862,0.9933812568783763
2020-07-14 00:00:00+00:00,0.9590491777466519,1.0126832418363574,1.0146236911446862,0.9954520369092318
2020-07-15 00:00:00+00:00,0.9590491777466519,1.0131699986647884,1.0146236911446862,0.9956142891853755
2020-07-16 00:00:00+00:00,0.9590491777466519,1.0131699986647884,1.0146236911446862,0.9956142891853755
2020-07-17 00:00:00+00:00,0.9590491777466519,1.0131699986647884,1.0146236911446862,0.9956142891853755
2020-07-19 00:00:00+00:00,0.9590491777466519,1.0131699986647884,1.0146236911446862,0.9956142891853755
2020-07-20 00:00:00+00:00,0.9590491777466519,1.0131699986647884,1.0146236911446862,0.9956142891853755
2020-07-21 00:00:00+00:00,0.9590491777466519,1.0131699986647884,1.0146236911446862,0.9956142891853755
2020-07-22 00:00:00+00:00,0.9590491777466519,1.0131699986647884,1.0146236911446862,0.9956142891853755
2020-07-23 00:00:00+00:00,0.9590491777466519,1.0131699986647884,1.0146236911446862,0.9956142891853755
2020-07-24 00:00:00+00:00,0.9590491777466519,1.0051221797656438,1.0146236911446862,0.9929316828856606
2020-07-26 00:00:00+00:00,0.9590491777466519,1.0051221797656438,1.0146236911446862,0.9929316828856606
2020-07-27 00:00:00+00:00,0.9590491777466519,1.0051221797656438,1.0146236911446862,0.9929316828856606
2020-07-28 00:00:00+00:00,0.9241250393693397,1.0051221797656438,1.0146236911446862,0.9812903034265567
2020-07-29 00:00:00+00:00,0.9241250393693397,1.0051221797656438,1.0146236911446862,0.9812903034265567
2020-07-30 00:00:00+00:00,0.9241250393693397,1.0051221797656438,1.0146236911446862,0.9812903034265567
2020-07-31 00:00:00+00:00,0.9241250393693397,1.0051221797656438,1.0146236911446862,0.9812903034265567
2020-08-02 00:00:00+00:00,0.9241250393693397,1.0282811295676233,1.0146236911446862,0.9890099533605498
2020-08-03 00:00:00+00:00,0.9241250393693397,1.0282811295676233,1.0146236911446862,0.9890099533605498
2020-08-04 00:00:00+00:00,0.9241250393693397,1.0282811295676233,1.0146236911446862,0.9890099533605498
2020-08-05 00:00:00+00:00,0.9241250393693397,1.0282811295676233,1.0146236911446862,0.9890099533605498
2020-08-06 00:00:00+00:00,0.9241250393693397,1.0282811295676233,1.0146236911446862,0.9890099533605498
2020-08-07 00:00:00+00:00,0.9241250393693397,1.0282811295676233,1.0146236911446862,0.9890099533605498
2020-08-09 00:00:00+00:00,0.9241250393693397,1.029604525324171,1.0146236911446862,0.989451085279399
2020-08-10 00:00:00+00:00,0.9241250393693397,1.029604525324171,1.0146236911446862,0.989451085279399
2020-08-11 00:00:00+00:00,0.9241250393693397,1.029604525324171,1.0146236911446862,0.989451085279399
2020-08-12 00:00:00+00:00,0.9241250393693397,1.029604525324171,1.0146236911446862,0.989451085279399
2020-08-13 00:00:00+00:00,0.9241250393693397,1.029604525324171,1.0146236911446862,0.989451085279399
2020-08-14 00:00:00+00:00,0.9241250393693397,1.029604525324171,1.0146236911446862,0.989451085279399
2020-08-16 00:00:00+00:00,0.9241250393693397,1.029604525324171,1.0146236911446862,0.989451085279399
2020-08-17 00:00:00+00:00,0.9241250393693397,1.029604525324171,1.0146236911446862,0.989451085279399
2020-08-18 00:00:00+00:00,0.9241250393693397,1.029604525324171,1.0146236911446862,0.989451085279399
2020-08-19 00:00:00+00:00,0.9241250393693397,1.029604525324171,1.0146236911446862,0.989451085279399
2020-08-20 00:00:00+00:00,0.9241250393693397,1.029604525324171,1.0146236911446862,0.989451085279399
2020-08-21 00:00:00+00:00,0.9241250393693397,1.029604525324171,1.0146236911446862,0.989451085279399
2020-08-23 00:00:00+00:00,0.9241250393693397,1.029604525324171,1.0146236911446862,0.989451085279399
2020-08-24 00:00:00+00:00,0.9241250393693397,1.029604525324171,1.0146236911446862,0.989451085279399
2020-08-25 00:00:00+00:00,0.9241250393693397,1.029604525324171,1.0146236911446862,0.989451085279399
2020-08-26 00:00:00+00:00,0.9241250393693397,1.029604525324171,1.0146236911446862,0.989451085279399
2020-08-27 00:00:00+00:00,0.9241250393693397,1.029604525324171,1.0146236911446862,0.989451085279399
2020-08-28 00:00:00+00:00,0.9241250393693397,1.029604525324171,1.0146236911446862,0.989451085279399
2020-08-30 00:00:00+00:00,0.9241250393693397,1.029604525324171,1.0146236911446862,0.989451085279399
2020-08-31 00:00:00+00:00,0.9241250393693397,1.029604525324171,1.0146236911446862,0.989451085279399
2020-09-01 00:00:00+00:00,0.9241250393693397,1.029604525324171,1.0146236911446862,0.989451085279399
2020-09-02 00:00:00+00:00,0.9241250393693397,1.029604525324171,1.0146236911446862,0.989451085279399
2020-09-03 00:00:00+00:00,0.9241250393693397,1.029604525324171,1.0146236911446862,0.989451085279399
2020-09-04 00:00:00+00:00,0.9241250393693397,1.029604525324171,1.0146236911446862,0.989451085279399
2020-09-06 00:00:00+00:00,0.9241250393693397,1.029604525324171,1.0146236911446862,0.989451085279399
2020-09-07 00:00:00+00:00,0.9241250393693397,1.029604525324171,1.0146236911446862,0.989451085279399
2020-09-08 00:00:00+00:00,0.9241250393693397,1.029604525324171,1.0146236911446862,0.989451085279399
2020-09-09 00:00:00+00:00,0.9241250393693397,1.029604525324171,1.0146236911446862,0.989451085279399
2020-09-10 00:00:00+00:00,0.9241250393693397,1.029604525324171,1.0146236911446862,0.989451085279399
2020-09-11 00:00:00+00:00,0.9241250393693397,1.029604525324171,1.0146236911446862,0.989451085279399
2020-09-13 00:00:00+00:00,0.9241250393693397,1.029604525324171,1.0146236911446862,0.989451085279399
2020-09-14 00:00:00+00:00,0.9241250393693397,1.029604525324171,1.0146236911446862,0.989451085279399
2020-09-15 00:00:00+00:00,0.9241250393693397,1.029604525324171,1.0146236911446862,0.989451085279399
2020-09-16 00:00:00+00:00,0.9241250393693397,1.029604525324171,1.0146236911446862,0.989451085279399
2020-09-17 00:00:00+00:00,0.9241250393693397,1.029604525324171,1.0146236911446862,0.989451085279399
2020-09-18 00:00:00+00:00,0.9241250393693397,1.029604525324171,1.0146236911446862,0.989451085279399
2020-09-20 00:00:00+00:00,0.9241250393693397,1.029604525324171,1.0146236911446862,0.989451085279399
2020-09-21 00:00:00+00:00,0.9241250393693397,1.029604525324171,1.0146236911446862,0.989451085279399
2020-09-22 00:00:00+00:00,0.9241250393693397,1.029604525324171,1.0146236911446862,0.989451085279399
2020-09-23 00:00:00+00:00,0.9241250393693397,1.029604525324171,1.0146236911446862,0.989451085279399
2020-09-24 00:00:00+00:00,0.9241250393693397,1.029604525324171,1.0146236911446862,0.989451085279399
2020-09-25 00:00:00+00:00,0.9241250393693397,1.029604525324171,1.0146236911446862,0.989451085279399
2020-09-27 00:00:00+00:00,0.9241250393693397,1.029604525324171,1.0146236911446862,0.989451085279399
2020-09-28 00:00:00+00:00,0.9241250393693397,1.029604525324171,1.0146236911446862,0.989451085279399
2020-09-29 00:00:00+00:00,0.9241250393693397,1.029604525324171,1.0146236911446862,0.989451085279399
2020-09-30 00:00:00+00:00,0.9241250393693397,1.029604525324171,1.0146236911446862,0.989451085279399
2020-10-01 00:00:00+00:00,0.9241250393693397,1.029604525324171,1.0146236911446862,0.989451085279399
2020-10-02 00:00:00+00:00,0.9241250393693397,1.029604525324171,1.0146236911446862,0.989451085279399
2020-10-04 00:00:00+00:00,0.9241250393693397,1.029604525324171,1.0146236911446862,0.989451085279399
2020-10-05 00:00:00+00:00,0.9241250393693397,1.029604525324171,1.0146236911446862,0.989451085279399
2020-10-06 00:00:00+00:00,0.9241250393693397,1.029604525324171,1.0146236911446862,0.989451085279399
2020-10-07 00:00:00+00:00,0.9241250393693397,1.029604525324171,1.0146236911446862,0.989451085279399
2020-10-08 00:00:00+00:00,0.9241250393693397,1.029604525324171,1.0146236911446862,0.989451085279399
2020-10-09 00:00:00+00:00,0.9241250393693397,1.029604525324171,1.0146236911446862,0.989451085279399
2020-10-11 00:00:00+00:00,0.9241250393693397,1.029604525324171,1.0845730147226533,1.0127675264720546
2020-10-12 00:00:00+00:00,0.9241250393693397,1.029604525324171,1.0845730147226533,1.0127675264720546
2020-10-13 00:00:00+00:00,0.9441187393626748,1.038701884999256,1.0845730147226533,1.022464546361528
2020-10-14 00:00:00+00:00,0.9441187393626748,1.0420690639197365,1.0985300865595775,1.0282392966139964
2020-10-15 00:00:00+00:00,0.9441187393626748,1.0420690639197365,1.100003845884337,1.0287305497222494
2020-10-16 00:00:00+00:00,0.9567579054711756,1.0420690639197365,1.100003845884337,1.0329436050917498
2020-10-18 00:00:00+00:00,0.9567579054711756,1.0420690639197365,1.100003845884337,1.0329436050917498
2020-10-19 00:00:00+00:00,0.9586685364099606,1.0420690639197365,1.100003845884337,1.0335804820713446
2020-10-20 00:00:00+00:00,0.9586685364099606,1.0420690639197365,1.100003845884337,1.0335804820713446
2020-10-21 00:00:00+00:00,0.9586685364099606,1.0420690639197365,1.100003845884337,1.0335804820713446
2020-10-22 00:00:00+00:00,0.9586685364099606,1.0420690639197365,1.100003845884337,1.0335804820713446
2020-10-23 00:00:00+00:00,0.9586685364099606,1.0420690639197365,1.0968380942721077,1.0325252315339348
2020-10-25 00:00:00+00:00,0.9586685364099606,1.0420690639197365,1.0968380942721077,1.0325252315339348
2020-10-26 00:00:00+00:00,0.9586685364099606,1.0420690639197365,1.0968380942721077,1.0325252315339348
2020-10-27 00:00:00+00:00,0.9586685364099606,1.0420690639197365,1.0968380942721077,1.0325252315339348
2020-10-28 00:00:00+00:00,0.9586685364099606,1.0420690639197365,1.0968380942721077,1.0325252315339348
2020-10-29 00:00:00+00:00,0.9586685364099606,1.0420690639197365,1.0968380942721077,1.0325252315339348
2020-10-30 00:00:00+00:00,0.9579529733988492,1.0420690639197365,1.0968380942721077,1.0322867105302311
2020-11-01 00:00:00+00:00,0.9579529733988492,1.0420690639197365,1.0968380942721077,1.0322867105302311
2020-11-02 00:00:00+00:00,0.9579529733988492,1.0420690639197365,1.0968380942721077,1.0322867105302311
2020-11-03 00:00:00+00:00,0.9579529733988492,1.0420690639197365,1.0968380942721077,1.0322867105302311
2020-11-04 00:00:00+00:00,0.9579529733988492,1.0420690639197365,1.1000973269668097,1.0333731214284654
2020-11-05 00:00:00+00:00,0.9609698268203376,1.0420690639197365,1.10421355968007,1.0357508168067147
2020-11-06 00:00:00+00:00,0.9472053075079536,1.0420690639197365,1.10421355968007,1.0311626437025867
2020-11-08 00:00:00+00:00,0.9485185481867336,1.0420690639197365,1.10421355968007,1.0316003905955133
2020-11-09 00:00:00+00:00,0.9485185481867336,1.0420690639197365,1.10421355968007,1.0316003905955133
2020-11-10 00:00:00+00:00,0.9485185481867336,1.0420690639197365,1.10421355968007,1.0316003905955133
2020-11-11 00:00:00+00:00,0.9485185481867336,1.0420690639197365,1.10421355968007,1.0316003905955133
2020-11-12 00:00:00+00:00,0.9485185481867336,1.0420690639197365,1.10421355968007,1.0316003905955133
2020-11-13 00:00:00+00:00,0.9510638907080867,1.0420690639197365,1.10421355968007,1.032448838102631
2020-11-15 00:00:00+00:00,0.954081539738131,1.0420690639197365,1.10421355968007,1.033454721112646
2020-11-16 00:00:00+00:00,0.954081539738131,1.0420690639197365,1.10421355968007,1.033454721112646
2020-11-17 00:00:00+00:00,0.954081539738131,1.0420690639197365,1.10421355968007,1.033454721112646
2020-11-18 00:00:00+00:00,0.954081539738131,1.0420690639197365,1.10421355968007,1.033454721112646
2020-11-19 00:00:00+00:00,0.9477534634228333,1.0420690639197365,1.10421355968007,1.03134536234088
2020-11-20 00:00:00+00:00,0.9477534634228333,1.0420690639197365,1.10421355968007,1.03134536234088
2020-11-22 00:00:00+00:00,0.9477534634228333,1.0420690639197365,1.10421355968007,1.03134536234088
2020-11-23 00:00:00+00:00,0.9477534634228333,1.0420690639197365,1.10421355968007,1.03134536234088
2020-11-24 00:00:00+00:00,0.9477534634228333,1.0420690639197365,1.10421355968007,1.03134536234088
2020-11-25 00:00:00+00:00,0.9477534634228333,1.0420690639197365,1.10421355968007,1.03134536234088
2020-11-26 00:00:00+00:00,0.9477534634228333,1.0420690639197365,1.10421355968007,1.03134536234088
2020-11-27 00:00:00+00:00,0.9477534634228333,1.0420690639197365,1.10421355968007,1.03134536234088
2020-11-29 00:00:00+00:00,0.9477534634228333,1.0420690639197365,1.10421355968007,1.03134536234088
2020-11-30 00:00:00+00:00,0.9477534634228333,1.0420690639197365,1.10421355968007,1.03134536234088
2020-12-01 00:00:00+00:00,0.9477534634228333,1.0420690639197365,1.10421355968007,1.03134536234088
2020-12-02 00:00:00+00:00,0.9477534634228333,1.0420690639197365,1.10421355968007,1.03134536234088
2020-12-03 00:00:00+00:00,0.9477534634228333,1.0420690639197365,1.10421355968007,1.03134536234088
2020-12-04 00:00:00+00:00,0.9477534634228333,1.0420690639197365,1.10421355968007,1.03134536234088
2020-12-06 00:00:00+00:00,0.9477534634228333,1.0420690639197365,1.10421355968007,1.03134536234088
2020-12-07 00:00:00+00:00,0.9477534634228333,1.0420690639197365,1.10421355968007,1.03134536234088
2020-12-08 00:00:00+00:00,0.9477534634228333,1.0420690639197365,1.0841533684689755,1.0246586319371818
2020-12-09 00:00:00+00:00,0.9477534634228333,1.0420690639197365,1.0818601538407107,1.0238942270610936
2020-12-10 00:00:00+00:00,0.9477534634228333,1.0420690639197365,1.0818601538407107,1.0238942270610936
2020-12-11 00:00:00+00:00,0.9477534634228333,1.0420690639197365,1.0818601538407107,1.0238942270610936
2020-12-13 00:00:00+00:00,0.9477534634228333,1.0420690639197365,1.0818601538407107,1.0238942270610936
2020-12-14 00:00:00+00:00,0.9477534634228333,1.0420690639197365,1.0818601538407107,1.0238942270610936
2020-12-15 00:00:00+00:00,0.9477534634228333,1.0420690639197365,1.0818601538407107,1.0238942270610936
2020-12-16 00:00:00+00:00,0.9477534634228333,1.0420690639197365,1.0760503157412005,1.0219576143612568
2020-12-17 00:00:00+00:00,0.9477534634228333,1.0420690639197365,1.0760503157412005,1.0219576143612568
2020-12-18 00:00:00+00:00,0.9477534634228333,1.0420690639197365,1.0760503157412005,1.0219576143612568
2020-12-20 00:00:00+00:00,0.9477534634228333,1.0420690639197365,1.0760503157412005,1.0219576143612568
2020-12-21 00:00:00+00:00,0.9477534634228333,1.0420690639197365,1.0760503157412005,1.0219576143612568
2020-12-22 00:00:00+00:00,0.9477534634228333,1.0420690639197365,1.0760503157412005,1.0219576143612568
2020-12-23 00:00:00+00:00,0.9477534634228333,1.0420690639197365,1.0760503157412005,1.0219576143612568
2020-12-24 00:00:00+00:00,0.9477534634228333,1.0420690639197365,1.0760503157412005,1.0219576143612568
2020-12-27 00:00:00+00:00,0.9477534634228333,1.0420690639197365,1.0760503157412005,1.0219576143612568
2020-12-28 00:00:00+00:00,0.9477534634228333,1.0420690639197365,1.0760503157412005,1.0219576143612568
2020-12-29 00:00:00+00:00,0.9477534634228333,1.0420690639197365,1.0760503157412005,1.0219576143612568
2020-12-30 00:00:00+00:00,0.9477534634228333,1.0420690639197365,1.0760503157412005,1.0219576143612568
2020-12-31 00:00:00+00:00,0.9477534634228333,1.0420690639197365,1.0760503157412005,1.0219576143612568
2021-01-03 00:00:00+00:00,0.9477534634228333,1.0420690639197365,1.0760503157412005,1.0219576143612568
2021-01-04 00:00:00+00:00,0.9477534634228333,1.0420690639197365,1.0760503157412005,1.0219576143612568
2021-01-05 00:00:00+00:00,0.9477534634228333,1.0420690639197365,1.0760503157412005,1.0219576143612568
2021-01-06 00:00:00+00:00,0.9477534634228333,1.0420690639197365,1.0760503157412005,1.0219576143612568
2021-01-07 00:00:00+00:00,0.9477534634228333,1.0420690639197365,1.0760503157412005,1.0219576143612568
2021-01-08 00:00:00+00:00,0.9477534634228333,1.0420690639197365,1.049104287289994,1.0129756048775214
2021-01-10 00:00:00+00:00,0.9477534634228333,1.0420690639197365,1.049104287289994,1.0129756048775214
2021-01-11 00:00:00+00:00,0.9477534634228333,1.0420690639197365,1.049104287289994,1.0129756048775214
2021-01-12 00:00:00+00:00,0.9477534634228333,1.0420690639197365,1.049104287289994,1.0129756048775214
2021-01-13 00:00:00+00:00,0.9477534634228333,1.0420690639197365,1.049104287289994,1.0129756048775214
2021-01-14 00:00:00+00:00,0.9477534634228333,1.0420690639197365,1.049104287289994,1.0129756048775214
2021-01-15 00:00:00+00:00,0.9477534634228333,1.0420690639197365,1.049104287289994,1.0129756048775214
2021-01-17 00:00:00+00:00,0.9477534634228333,1.0420690639197365,1.049104287289994,1.0129756048775214
2021-01-18 00:00:00+00:00,0.9477534634228333,1.0420690639197365,1.049104287289994,1.0129756048775214
2021-01-19 00:00:00+00:00,0.9477534634228333,1.0420690639197365,1.049104287289994,1.0129756048775214
2021-01-20 00:00:00+00:00,0.9477534634228333,1.0420690639197365,1.049104287289994,1.0129756048775214
2021-01-21 00:00:00+00:00,0.9477534634228333,1.0420690639197365,1.0281167476717055,1.0059797583380918
2021-01-22 00:00:00+00:00,0.9477534634228333,1.0420690639197365,1.0281167476717055,1.0059797583380918
2021-01-24 00:00:00+00:00,0.9477534634228333,1.0420690639197365,1.0329666398901078,1.0075963890775592
2021-01-25 00:00:00+00:00,0.9477534634228333,1.0420690639197365,1.0334519725063576,1.0077581666163091
2021-01-26 00:00:00+00:00,0.9477534634228333,1.0420690639197365,1.0334519725063576,1.0077581666163091
2021-01-27 00:00:00+00:00,0.9477534634228333,1.0420690639197365,1.0350139512369467,1.008278826193172
2021-01-28 00:00:00+00:00,0.9477534634228333,1.0420690639197365,1.0350139512369467,1.008278826193172
2021-01-29 00:00:00+00:00,0.9477534634228333,1.0420690639197365,1.0319210159512522,1.0072478477646074
2021-01-31 00:00:00+00:00,0.9477534634228333,1.0420690639197365,1.0319210159512522,1.0072478477646074
2021-02-01 00:00:00+00:00,0.9477534634228333,1.0420690639197365,1.0319210159512522,1.0072478477646074
2021-02-02 00:00:00+00:00,0.9477534634228333,1.0420690639197365,1.0319210159512522,1.0072478477646074
2021-02-03 00:00:00+00:00,0.9477534634228333,1.0420690639197365,1.0341469498053386,1.0079898257159694
2021-02-04 00:00:00+00:00,0.9477534634228333,1.0420690639197365,1.0341469498053386,1.0079898257159694
2021-02-05 00:00:00+00:00,0.9477534634228333,1.0420690639197365,1.0341469498053386,1.0079898257159694
2021-02-07 00:00:00+00:00,0.9477534634228333,1.0420690639197365,1.0341469498053386,1.0079898257159694
2021-02-08 00:00:00+00:00,0.9477534634228333,1.0420690639197365,1.0341469498053386,1.0079898257159694
2021-02-09 00:00:00+00:00,0.9477534634228333,1.0420690639197365,1.0341469498053386,1.0079898257159694
2021-02-10 00:00:00+00:00,0.9477534634228333,1.0420690639197365,1.0341469498053386,1.0079898257159694
2021-02-11 00:00:00+00:00,0.9477534634228333,1.0420690639197365,1.0341469498053386,1.0079898257159694
2021-02-12 00:00:00+00:00,0.9477534634228333,1.0420690639197365,1.0341469498053386,1.0079898257159694
2021-02-14 00:00:00+00:00,0.9477534634228333,1.0420690639197365,1.0341469498053386,1.0079898257159694
2021-02-15 00:00:00+00:00,0.9477534634228333,1.0420690639197365,1.0341469498053386,1.0079898257159694
2021-02-16 00:00:00+00:00,0.9477534634228333,1.0420690639197365,1.0341469498053386,1.0079898257159694
2021-02-17 00:00:00+00:00,0.9477534634228333,1.0420690639197365,1.0341469498053386,1.0079898257159694
2021-02-18 00:00:00+00:00,0.9477534634228333,1.0420690639197365,1.0341469498053386,1.0079898257159694
2021-02-19 00:00:00+00:00,0.9477534634228333,1.0420690639197365,1.0341469498053386,1.0079898257159694
2021-02-21 00:00:00+00:00,0.9477534634228333,1.0420690639197365,1.0341469498053386,1.0079898257159694
2021-02-22 00:00:00+00:00,0.9477534634228333,1.0420690639197365,1.0341469498053386,1.0079898257159694
2021-02-23 00:00:00+00:00,0.9477534634228333,1.0420690639197365,1.0243685199042596,1.0047303490822765
2021-02-24 00:00:00+00:00,0.9477534634228333,1.0420690639197365,1.0243685199042596,1.0047303490822765
2021-02-25 00:00:00+00:00,0.9477534634228333,1.0420690639197365,1.0243685199042596,1.0047303490822765
2021-02-26 00:00:00+00:00,0.9477534634228333,1.0158614421119532,1.0422579306230906,1.0019576120526257
2021-02-28 00:00:00+00:00,0.9477534634228333,1.0158614421119532,1.0422579306230906,1.0019576120526257
2021-03-01 00:00:00+00:00,0.9477534634228333,1.0174383470002375,1.0422579306230906,1.0024832470153873
2021-03-02 00:00:00+00:00,0.9477534634228333,1.0174383470002375,1.0422579306230906,1.0024832470153873
2021-03-03 00:00:00+00:00,0.9477534634228333,1.0174383470002375,1.0422579306230906,1.0024832470153873
2021-03-04 00:00:00+00:00,0.9477534634228333,1.0174383470002375,1.0422579306230906,1.0024832470153873
2021-03-05 00:00:00+00:00,0.9477534634228333,0.9885031679165807,1.006292558939698,0.9808497300930373
2021-03-07 00:00:00+00:00,0.9477534634228333,0.9885031679165807,1.006292558939698,0.9808497300930373
2021-03-08 00:00:00+00:00,0.9477534634228333,0.9885031679165807,1.006292558939698,0.9808497300930373
2021-03-09 00:00:00+00:00,0.9477534634228333,0.9885031679165807,1.006292558939698,0.9808497300930373
2021-03-10 00:00:00+00:00,0.9477534634228333,0.9885031679165807,1.006292558939698,0.9808497300930373
2021-03-11 00:00:00+00:00,0.9477534634228333,0.9885031679165807,1.006292558939698,0.9808497300930373
2021-03-12 00:00:00+00:00,0.9477534634228333,0.9885031679165807,1.006292558939698,0.9808497300930373
2021-03-14 00:00:00+00:00,0.9477534634228333,0.9885031679165807,1.006292558939698,0.9808497300930373
2021-03-15 00:00:00+00:00,0.9477534634228333,0.9885031679165807,1.006292558939698,0.9808497300930373
2021-03-16 00:00:00+00:00,0.9477534634228333,0.9885031679165807,1.006292558939698,0.9808497300930373
2021-03-17 00:00:00+00:00,0.9477534634228333,0.9885031679165807,1.006292558939698,0.9808497300930373
2021-03-18 00:00:00+00:00,0.9477534634228333,0.9885031679165807,1.006292558939698,0.9808497300930373
2021-03-19 00:00:00+00:00,0.9477534634228333,0.9885031679165807,1.006292558939698,0.9808497300930373
2021-03-21 00:00:00+00:00,0.9477534634228333,0.9885031679165807,1.006292558939698,0.9808497300930373
2021-03-22 00:00:00+00:00,0.9477534634228333,0.9885031679165807,1.006292558939698,0.9808497300930373
2021-03-23 00:00:00+00:00,0.9477534634228333,0.9885031679165807,1.006292558939698,0.9808497300930373
2021-03-24 00:00:00+00:00,0.9477534634228333,0.9885031679165807,1.006292558939698,0.9808497300930373
2021-03-25 00:00:00+00:00,0.9477534634228333,1.0030603052165588,1.006292558939698,0.98570210919303
2021-03-26 00:00:00+00:00,0.9477534634228333,0.9951276243224582,1.006292558939698,0.9830578822283297
2021-03-28 00:00:00+00:00,0.9477534634228333,0.9951276243224582,1.006292558939698,0.9830578822283297
2021-03-29 00:00:00+00:00,0.9477534634228333,0.9951276243224582,1.006292558939698,0.9830578822283297
2021-03-30 00:00:00+00:00,0.9477534634228333,0.9951276243224582,0.9986197873146475,0.9805002916866462
2021-03-31 00:00:00+00:00,0.9477534634228333,0.9951276243224582,0.9986197873146475,0.9805002916866462
2021-04-01 00:00:00+00:00,0.9477534634228333,0.9951276243224582,0.9986197873146475,0.9805002916866462
2021-04-04 00:00:00+00:00,0.9477534634228333,0.9951276243224582,1.0050600390774724,0.9826470422742547
2021-04-05 00:00:00+00:00,0.9477534634228333,0.9951276243224582,1.0050600390774724,0.9826470422742547
2021-04-06 00:00:00+00:00,0.9477534634228333,0.9951276243224582,1.0050600390774724,0.9826470422742547
2021-04-07 00:00:00+00:00,0.9477534634228333,0.9951276243224582,1.0050600390774724,0.9826470422742547
2021-04-08 00:00:00+00:00,0.9477534634228333,0.9951276243224582,1.0050600390774724,0.9826470422742547
2021-04-09 00:00:00+00:00,0.9477534634228333,0.9951276243224582,1.0050600390774724,0.9826470422742547
2021-04-11 00:00:00+00:00,0.9477534634228333,0.9951276243224582,1.0050600390774724,0.9826470422742547
2021-04-12 00:00:00+00:00,0.9477534634228333,0.9951276243224582,1.0050600390774724,0.9826470422742547
2021-04-13 00:00:00+00:00,0.9477534634228333,0.9951276243224582,1.0050600390774724,0.9826470422742547
2021-04-14 00:00:00+00:00,0.9477534634228333,0.9951276243224582,1.0050600390774724,0.9826470422742547
2021-04-15 00:00:00+00:00,0.9477534634228333,0.9951276243224582,1.0050600390774724,0.9826470422742547
2021-04-16 00:00:00+00:00,0.9477534634228333,0.9951276243224582,1.0050600390774724,0.9826470422742547
2021-04-18 00:00:00+00:00,0.9477534634228333,0.9951276243224582,1.0050600390774724,0.9826470422742547
2021-04-19 00:00:00+00:00,0.9477534634228333,0.9951276243224582,1.0050600390774724,0.9826470422742547
2021-04-20 00:00:00+00:00,0.9477534634228333,0.9951276243224582,1.0050600390774724,0.9826470422742547
2021-04-21 00:00:00+00:00,0.9477534634228333,0.9951276243224582,1.0050600390774724,0.9826470422742547
2021-04-22 00:00:00+00:00,0.9477534634228333,0.9951276243224582,1.0050600390774724,0.9826470422742547
2021-04-23 00:00:00+00:00,0.9477534634228333,0.9951276243224582,1.0050600390774724,0.9826470422742547
2021-04-25 00:00:00+00:00,0.9477534634228333,0.9951276243224582,1.0050600390774724,0.9826470422742547
2021-04-26 00:00:00+00:00,0.9477534634228333,0.9951276243224582,1.0050600390774724,0.9826470422742547
2021-04-27 00:00:00+00:00,0.9477534634228333,0.9951276243224582,1.0050600390774724,0.9826470422742547
2021-04-28 00:00:00+00:00,0.9477534634228333,0.9951276243224582,1.0050600390774724,0.9826470422742547
2021-04-29 00:00:00+00:00,0.9477534634228333,0.9951276243224582,1.0050600390774724,0.9826470422742547
2021-04-30 00:00:00+00:00,0.9477534634228333,0.9951276243224582,1.0050600390774724,0.9826470422742547
2021-05-02 00:00:00+00:00,0.9477534634228333,0.9951276243224582,1.0050600390774724,0.9826470422742547
2021-05-03 00:00:00+00:00,0.9477534634228333,0.9951276243224582,1.0050600390774724,0.9826470422742547
2021-05-04 00:00:00+00:00,0.9968687593142677,0.9951276243224582,1.0050600390774724,0.9990188075713995
2021-05-05 00:00:00+00:00,0.9982950855881523,0.9951276243224582,1.0050600390774724,0.9994942496626944
2021-05-06 00:00:00+00:00,0.9982950855881523,0.9951276243224582,1.0050600390774724,0.9994942496626944
2021-05-07 00:00:00+00:00,0.9982950855881523,0.9951276243224582,1.0050600390774724,0.9994942496626944
2021-05-09 00:00:00+00:00,1.0102769115736692,0.9951276243224582,1.0050600390774724,1.0034881916578666
2021-05-10 00:00:00+00:00,1.0102769115736692,0.9951276243224582,0.9615066166933617,0.9889703841964964
2021-05-11 00:00:00+00:00,0.9969177387301429,0.9951276243224582,0.9610258014748532,0.9843570548424848
2021-05-12 00:00:00+00:00,0.9969177387301429,0.9951276243224582,0.9610258014748532,0.9843570548424848
2021-05-13 00:00:00+00:00,0.9969177387301429,0.9951276243224582,0.9610258014748532,0.9843570548424848
2021-05-14 00:00:00+00:00,0.9969177387301429,0.9951276243224582,0.9610258014748532,0.9843570548424848
2021-05-16 00:00:00+00:00,0.9969177387301429,0.9951276243224582,0.9610258014748532,0.9843570548424848
2021-05-17 00:00:00+00:00,0.9969177387301429,0.9951276243224582,0.9610258014748532,0.9843570548424848
2021-05-18 00:00:00+00:00,0.9969177387301429,0.9951276243224582,0.9610258014748532,0.9843570548424848
2021-05-19 00:00:00+00:00,0.9969177387301429,0.9951276243224582,0.9610258014748532,0.9843570548424848
2021-05-20 00:00:00+00:00,0.9969177387301429,0.9951276243224582,0.9610258014748532,0.9843570548424848
2021-05-21 00:00:00+00:00,0.9969177387301429,0.9951276243224582,0.9610258014748532,0.9843570548424848
2021-05-23 00:00:00+00:00,0.9969177387301429,0.9951276243224582,0.9610258014748532,0.9843570548424848
2021-05-24 00:00:00+00:00,0.9969177387301429,0.9951276243224582,0.9610258014748532,0.9843570548424848
2021-05-25 00:00:00+00:00,0.9969177387301429,0.9951276243224582,0.9610258014748532,0.9843570548424848
2021-05-26 00:00:00+00:00,0.9969177387301429,0.9951276243224582,0.9610258014748532,0.9843570548424848
2021-05-27 00:00:00+00:00,0.9969177387301429,0.9951276243224582,0.9610258014748532,0.9843570548424848
2021-05-28 00:00:00+00:00,0.9969177387301429,0.9951276243224582,0.9610258014748532,0.9843570548424848
2021-05-30 00:00:00+00:00,0.9969177387301429,0.9951276243224582,0.9610258014748532,0.9843570548424848
2021-05-31 00:00:00+00:00,0.9969177387301429,0.9951276243224582,0.9610258014748532,0.9843570548424848
2021-06-01 00:00:00+00:00,0.9969177387301429,0.9951276243224582,0.9610258014748532,0.9843570548424848
2021-06-02 00:00:00+00:00,0.9969177387301429,0.9951276243224582,0.9610258014748532,0.9843570548424848
2021-06-03 00:00:00+00:00,0.9969177387301429,0.9951276243224582,0.9610258014748532,0.9843570548424848
2021-06-04 00:00:00+00:00,0.9969177387301429,0.9951276243224582,0.9610258014748532,0.9843570548424848
2021-06-06 00:00:00+00:00,0.9969177387301429,0.9951276243224582,0.9610258014748532,0.9843570548424848
2021-06-07 00:00:00+00:00,0.9969177387301429,0.9951276243224582,0.9350556794645513,0.9757003475057173
2021-06-08 00:00:00+00:00,0.9969177387301429,0.9951276243224582,0.9387023683361151,0.9769159104629054
2021-06-09 00:00:00+00:00,0.9969177387301429,0.9951276243224582,0.9406893162584828,0.977578226437028
2021-06-10 00:00:00+00:00,0.9969177387301429,1.0035880758696587,0.9406893162584828,0.9803983769527614
2021-06-11 00:00:00+00:00,0.9969177387301429,1.0072050178644658,0.9406893162584828,0.9816040242843639
2021-06-13 00:00:00+00:00,0.9969177387301429,1.0072050178644658,0.9406893162584828,0.9816040242843639
2021-06-14 00:00:00+00:00,0.9969177387301429,1.0125732325261503,0.9406893162584828,0.983393429171592
2021-06-15 00:00:00+00:00,0.9969177387301429,1.0125732325261503,0.9406893162584828,0.983393429171592
2021-06-16 00:00:00+00:00,0.9969177387301429,1.0125732325261503,0.9406893162584828,0.983393429171592
2021-06-17 00:00:00+00:00,0.9969177387301429,0.9936027845472548,0.9406893162584828,0.9770699465119602
2021-06-18 00:00:00+00:00,0.9969177387301429,0.9936027845472548,0.9406893162584828,0.9770699465119602
2021-06-20 00:00:00+00:00,0.9969177387301429,0.9936027845472548,0.9406893162584828,0.9770699465119602
2021-06-21 00:00:00+00:00,0.9969177387301429,0.9936027845472548,0.9406893162584828,0.9770699465119602
2021-06-22 00:00:00+00:00,0.9969177387301429,0.9936027845472548,0.9406893162584828,0.9770699465119602
2021-06-23 00:00:00+00:00,0.9969177387301429,0.9936027845472548,0.9406893162584828,0.9770699465119602
2021-06-24 00:00:00+00:00,0.9969177387301429,0.9936027845472548,0.9406893162584828,0.9770699465119602
2021-06-25 00:00:00+00:00,0.9969177387301429,0.9936027845472548,0.9406893162584828,0.9770699465119602
2021-06-27 00:00:00+00:00,0.9969177387301429,0.9936027845472548,0.9406893162584828,0.9770699465119602
2021-06-28 00:00:00+00:00,0.9969177387301429,0.9936027845472548,0.9406893162584828,0.9770699465119602
2021-06-29 00:00:00+00:00,0.9969177387301429,0.9936027845472548,0.9406893162584828,0.9770699465119602
2021-06-30 00:00:00+00:00,0.9969177387301429,0.9936027845472548,0.879672097449133,0.9567308735755103
2021-07-01 00:00:00+00:00,0.9969177387301429,0.9936027845472548,0.879672097449133,0.9567308735755103
2021-07-02 00:00:00+00:00,0.9969177387301429,0.9936027845472548,0.8737262478229961,0.9547489237001313
2021-07-04 00:00:00+00:00,0.9969177387301429,0.9936027845472548,0.8737262478229961,0.9547489237001313
2021-07-05 00:00:00+00:00,0.9969177387301429,0.9936027845472548,0.8774553175602019,0.9559919469458665
2021-07-06 00:00:00+00:00,0.9969177387301429,0.9936027845472548,0.8774553175602019,0.9559919469458665
2021-07-07 00:00:00+00:00,0.9969177387301429,0.9936027845472548,0.8774553175602019,0.9559919469458665
2021-07-08 00:00:00+00:00,0.9969177387301429,0.9936027845472548,0.8774553175602019,0.9559919469458665
2021-07-09 00:00:00+00:00,0.9969177387301429,0.9936027845472548,0.8774553175602019,0.9559919469458665
2021-07-11 00:00:00+00:00,0.9969177387301429,0.9936027845472548,0.8774553175602019,0.9559919469458665
2021-07-12 00:00:00+00:00,0.9736272082301015,0.9936027845472548,0.8774553175602019,0.9482284367791861
2021-07-13 00:00:00+00:00,0.9736272082301015,0.9936027845472548,0.8774553175602019,0.9482284367791861
2021-07-14 00:00:00+00:00,0.9842459544232195,0.9936027845472548,0.8774553175602019,0.9517680188435588
2021-07-15 00:00:00+00:00,0.9842459544232195,0.9936027845472548,0.8774553175602019,0.9517680188435588
2021-07-16 00:00:00+00:00,0.9866321068681883,0.9936027845472548,0.8774553175602019,0.9525634029918817
2021-07-18 00:00:00+00:00,0.9934154655925136,0.9936027845472548,0.8774553175602019,0.9548245225666568
2021-07-19 00:00:00+00:00,0.9934154655925136,0.9936027845472548,0.8774553175602019,0.9548245225666568
2021-07-20 00:00:00+00:00,0.9934154655925136,0.9936027845472548,0.8774553175602019,0.9548245225666568
2021-07-21 00:00:00+00:00,0.9934154655925136,0.9936027845472548,0.8774553175602019,0.9548245225666568
2021-07-22 00:00:00+00:00,0.9934154655925136,0.9936027845472548,0.8774553175602019,0.9548245225666568
2021-07-23 00:00:00+00:00,0.9937148270437486,0.9936027845472548,0.8774553175602019,0.9549243097170684
2021-07-25 00:00:00+00:00,0.9958930074155007,0.9936027845472548,0.8774553175602019,0.9556503698409858
2021-07-26 00:00:00+00:00,0.9958930074155007,0.9936027845472548,0.8717519956821873,0.9537492625483143
2021-07-27 00:00:00+00:00,1.004831619324751,0.9936027845472548,0.8717519956821873,0.9567287998513977
2021-07-28 00:00:00+00:00,1.004831619324751,0.9936027845472548,0.8717519956821873,0.9567287998513977
2021-07-29 00:00:00+00:00,1.004831619324751,0.9936027845472548,0.8776711177464169,0.9587018405394744
2021-07-30 00:00:00+00:00,1.004831619324751,0.9936027845472548,0.8776711177464169,0.9587018405394744
2021-08-01 00:00:00+00:00,1.004831619324751,0.9936027845472548,0.8776711177464169,0.9587018405394744
2021-08-02 00:00:00+00:00,1.004831619324751,0.9936027845472548,0.8776711177464169,0.9587018405394744
2021-08-03 00:00:00+00:00,1.004831619324751,0.9936027845472548,0.8776711177464169,0.9587018405394744
2021-08-04 00:00:00+00:00,1.004831619324751,0.9936027845472548,0.8776711177464169,0.9587018405394744
2021-08-05 00:00:00+00:00,1.004831619324751,0.9936027845472548,0.8776711177464169,0.9587018405394744
2021-08-06 00:00:00+00:00,1.004831619324751,0.9936027845472548,0.8815365167436733,0.959990306871893
2021-08-08 00:00:00+00:00,1.004831619324751,0.9936027845472548,0.8815365167436733,0.959990306871893
2021-08-09 00:00:00+00:00,1.004831619324751,0.9936027845472548,0.8245304673179035,0.9409882903966365
2021-08-10 00:00:00+00:00,1.004831619324751,0.9936027845472548,0.8192172163437876,0.9392172067385979
2021-08-11 00:00:00+00:00,1.004831619324751,0.9936027845472548,0.8170928601951212,0.9385090880223758
2021-08-12 00:00:00+00:00,1.004831619324751,0.9936027845472548,0.8068490975086442,0.9350945004602167
2021-08-13 00:00:00+00:00,1.0065236920261593,0.9936027845472548,0.8068490975086442,0.9356585246940196
2021-08-15 00:00:00+00:00,1.0119176558539615,0.9936027845472548,0.8157403193827353,0.9404202532613173
2021-08-16 00:00:00+00:00,1.010639206933999,0.9936027845472548,0.8157403193827353,0.9399941036213297
2021-08-17 00:00:00+00:00,1.010639206933999,0.9936027845472548,0.8157403193827353,0.9399941036213297
2021-08-18 00:00:00+00:00,1.010639206933999,0.9936027845472548,0.8157403193827353,0.9399941036213297
2021-08-19 00:00:00+00:00,1.010639206933999,0.9936027845472548,0.8157403193827353,0.9399941036213297
2021-08-20 00:00:00+00:00,1.010639206933999,0.9936027845472548,0.8157403193827353,0.9399941036213297
2021-08-22 00:00:00+00:00,1.010639206933999,0.9936027845472548,0.8157403193827353,0.9399941036213297
2021-08-23 00:00:00+00:00,1.010639206933999,0.9936027845472548,0.8157403193827353,0.9399941036213297
2021-08-24 00:00:00+00:00,1.010639206933999,0.9936027845472548,0.8157403193827353,0.9399941036213297
2021-08-25 00:00:00+00:00,1.010639206933999,0.9936027845472548,0.8157403193827353,0.9399941036213297
2021-08-26 00:00:00+00:00,1.010639206933999,0.9936027845472548,0.8157403193827353,0.9399941036213297
2021-08-27 00:00:00+00:00,1.010639206933999,0.9936027845472548,0.8157403193827353,0.9399941036213297
2021-08-29 00:00:00+00:00,0.9959807717767325,0.9764749894066216,0.8157403193827353,0.9293986935220299
2021-08-30 00:00:00+00:00,0.9959807717767325,0.9764749894066216,0.8157403193827353,0.9293986935220299
2021-08-31 00:00:00+00:00,0.9959807717767325,0.9764749894066216,0.8157403193827353,0.9293986935220299
2021-09-01 00:00:00+00:00,0.9959807717767325,0.972121823642993,0.8157403193827353,0.9279476382674869
2021-09-02 00:00:00+00:00,0.9937905536290714,0.9727025183838797,0.8157403193827353,0.9274111304652287
2021-09-03 00:00:00+00:00,1.00232187951308,0.975596113931436,0.8157403193827353,0.9312194376090837
2021-09-05 00:00:00+00:00,1.00232187951308,0.975596113931436,0.8157403193827353,0.9312194376090837
2021-09-06 00:00:00+00:00,1.00232187951308,0.975596113931436,0.8157403193827353,0.9312194376090837
2021-09-07 00:00:00+00:00,1.00232187951308,0.975596113931436,0.8157403193827353,0.9312194376090837
2021-09-08 00:00:00+00:00,1.009781265536126,0.9831828987304788,0.8095392379479861,0.934167800738197
2021-09-09 00:00:00+00:00,1.0078995961425257,0.9831828987304788,0.8095392379479861,0.9335405776069968
2021-09-10 00:00:00+00:00,1.0078995961425257,0.9949247736289529,0.8095392379479861,0.9374545359064883
2021-09-12 00:00:00+00:00,1.0078995961425257,0.9949247736289529,0.8095392379479861,0.9374545359064883
2021-09-13 00:00:00+00:00,0.9977309255757553,0.9949247736289529,0.8095392379479861,0.934064979050898
2021-09-14 00:00:00+00:00,0.9971944546523704,0.9949247736289529,0.8095392379479861,0.9338861554097698
2021-09-15 00:00:00+00:00,0.9971944546523704,0.9949247736289529,0.8095392379479861,0.9338861554097698
2021-09-16 00:00:00+00:00,0.9971944546523704,0.9949247736289529,0.8095392379479861,0.9338861554097698
2021-09-17 00:00:00+00:00,0.9971944546523704,0.9949247736289529,0.7963235828728619,0.9294809370513951
2021-09-19 00:00:00+00:00,1.0106410656711429,0.9949247736289529,0.7963235828728619,0.9339631407243193
2021-09-20 00:00:00+00:00,1.0106410656711429,0.9949247736289529,0.7963235828728619,0.9339631407243193
2021-09-21 00:00:00+00:00,1.0106410656711429,0.9949247736289529,0.7963235828728619,0.9339631407243193
2021-09-22 00:00:00+00:00,1.0106410656711429,0.9949247736289529,0.7963235828728619,0.9339631407243193
2021-09-23 00:00:00+00:00,1.0106410656711429,0.9949247736289529,0.7963235828728619,0.9339631407243193
2021-09-24 00:00:00+00:00,1.0106410656711429,0.9949247736289529,0.7963235828728619,0.9339631407243193
2021-09-26 00:00:00+00:00,1.0106410656711429,0.9949247736289529,0.7963235828728619,0.9339631407243193
2021-09-27 00:00:00+00:00,1.0106410656711429,0.9949247736289529,0.7963235828728619,0.9339631407243193
2021-09-28 00:00:00+00:00,1.0106410656711429,0.9949247736289529,0.7963235828728619,0.9339631407243193
2021-09-29 00:00:00+00:00,1.0106410656711429,0.9949247736289529,0.7963235828728619,0.9339631407243193
2021-09-30 00:00:00+00:00,1.0106410656711429,0.9949247736289529,0.7963235828728619,0.9339631407243193
2021-10-01 00:00:00+00:00,1.0106410656711429,0.9949247736289529,0.7963235828728619,0.9339631407243193
2021-10-03 00:00:00+00:00,1.0106410656711429,0.9949247736289529,0.7963235828728619,0.9339631407243193
2021-10-04 00:00:00+00:00,1.0106410656711429,0.9949247736289529,0.7963235828728619,0.9339631407243193
2021-10-05 00:00:00+00:00,1.0106410656711429,0.9949247736289529,0.7963235828728619,0.9339631407243193
2021-10-06 00:00:00+00:00,0.9958299895720019,0.9949247736289529,0.7963235828728619,0.929026115357939
2021-10-07 00:00:00+00:00,0.999372396795082,0.9949247736289529,0.7963235828728619,0.9302069177656321
2021-10-08 00:00:00+00:00,1.0022251163036293,0.9949247736289529,0.7963235828728619,0.9311578242684814
2021-10-10 00:00:00+00:00,1.0022251163036293,0.9949247736289529,0.7963235828728619,0.9311578242684814
2021-10-11 00:00:00+00:00,1.0022251163036293,0.9949247736289529,0.7963235828728619,0.9311578242684814
2021-10-12 00:00:00+00:00,1.0022251163036293,0.9949247736289529,0.7963235828728619,0.9311578242684814
2021-10-13 00:00:00+00:00,1.0022251163036293,0.9949247736289529,0.7963235828728619,0.9311578242684814
2021-10-14 00:00:00+00:00,1.0022251163036293,0.9949247736289529,0.7963235828728619,0.9311578242684814
2021-10-15 00:00:00+00:00,1.0022251163036293,0.9949247736289529,0.7963235828728619,0.9311578242684814
2021-10-17 00:00:00+00:00,1.0022251163036293,0.9949247736289529,0.7963235828728619,0.9311578242684814
2021-10-18 00:00:00+00:00,1.0022251163036293,0.9949247736289529,0.7963235828728619,0.9311578242684814
2021-10-19 00:00:00+00:00,1.0022251163036293,0.9949247736289529,0.7963235828728619,0.9311578242684814
2021-10-20 00:00:00+00:00,1.0022251163036293,0.9949247736289529,0.7963235828728619,0.9311578242684814
2021-10-21 00:00:00+00:00,1.0022251163036293,0.9949247736289529,0.7963235828728619,0.9311578242684814
2021-10-22 00:00:00+00:00,1.0022251163036293,0.9949247736289529,0.7963235828728619,0.9311578242684814
2021-10-24 00:00:00+00:00,1.0022251163036293,0.9949247736289529,0.7963235828728619,0.9311578242684814
2021-10-25 00:00:00+00:00,1.0022251163036293,0.9949247736289529,0.7963235828728619,0.9311578242684814
2021-10-26 00:00:00+00:00,1.0022251163036293,0.9949247736289529,0.7963235828728619,0.9311578242684814
2021-10-27 00:00:00+00:00,1.0022251163036293,0.9949247736289529,0.7963235828728619,0.9311578242684814
2021-10-28 00:00:00+00:00,1.0022251163036293,0.9949247736289529,0.7963235828728619,0.9311578242684814
2021-10-29 00:00:00+00:00,1.0022251163036293,0.9949247736289529,0.7963235828728619,0.9311578242684814
2021-10-31 00:00:00+00:00,0.995437214320288,0.9949247736289529,0.7963235828728619,0.9288951902740342
2021-11-01 00:00:00+00:00,0.995437214320288,0.9949247736289529,0.7963235828728619,0.9288951902740342
2021-11-02 00:00:00+00:00,0.995437214320288,0.9949247736289529,0.7963235828728619,0.9288951902740342
2021-11-03 00:00:00+00:00,0.995437214320288,0.9949247736289529,0.7963235828728619,0.9288951902740342
2021-11-04 00:00:00+00:00,0.995437214320288,0.9949247736289529,0.7963235828728619,0.9288951902740342
2021-11-05 00:00:00+00:00,0.9766709499454024,0.9949247736289529,0.7963235828728619,0.922639768815739
2021-11-07 00:00:00+00:00,0.9766709499454024,0.9949247736289529,0.7963235828728619,0.922639768815739
2021-11-08 00:00:00+00:00,0.9766709499454024,0.9949247736289529,0.7963235828728619,0.922639768815739
2021-11-09 00:00:00+00:00,0.9766709499454024,0.9949247736289529,0.7963235828728619,0.922639768815739
2021-11-10 00:00:00+00:00,0.9766709499454024,0.9949247736289529,0.7963235828728619,0.922639768815739
2021-11-11 00:00:00+00:00,0.9766709499454024,0.9949247736289529,0.760342785437004,0.9106461696704531
2021-11-12 00:00:00+00:00,0.9766709499454024,0.9949247736289529,0.7652328321912631,0.9122761852552062
2021-11-14 00:00:00+00:00,0.9766709499454024,0.9949247736289529,0.7652328321912631,0.9122761852552062
2021-11-15 00:00:00+00:00,0.9766709499454024,0.9949247736289529,0.7636797578129152,0.9117584937957569
2021-11-16 00:00:00+00:00,0.9766709499454024,0.9949247736289529,0.7636797578129152,0.9117584937957569
2021-11-17 00:00:00+00:00,0.9766709499454024,0.9949247736289529,0.7575629327487194,0.9097195521076916
2021-11-18 00:00:00+00:00,0.9766709499454024,0.9949247736289529,0.7512569182371956,0.907617547270517
2021-11-19 00:00:00+00:00,0.9766709499454024,0.9949247736289529,0.7512569182371956,0.907617547270517
2021-11-21 00:00:00+00:00,0.9766709499454024,0.9949247736289529,0.7512569182371956,0.907617547270517
2021-11-22 00:00:00+00:00,0.9766709499454024,0.9949247736289529,0.7424481236565748,0.90468128241031
2021-11-23 00:00:00+00:00,0.9766709499454024,0.9949247736289529,0.7576558276839218,0.9097505170860923
2021-11-24 00:00:00+00:00,0.9766709499454024,0.9949247736289529,0.7576558276839218,0.9097505170860923
2021-11-25 00:00:00+00:00,0.9766709499454024,0.9949247736289529,0.7576558276839218,0.9097505170860923
2021-11-26 00:00:00+00:00,0.9766709499454024,0.9949247736289529,0.7576558276839218,0.9097505170860923
2021-11-28 00:00:00+00:00,0.9766709499454024,0.9949247736289529,0.7576558276839218,0.9097505170860923
2021-11-29 00:00:00+00:00,0.9766709499454024,0.9949247736289529,0.7576558276839218,0.9097505170860923
2021-11-30 00:00:00+00:00,0.9766709499454024,0.9949247736289529,0.7576558276839218,0.9097505170860923
2021-12-01 00:00:00+00:00,0.9766709499454024,0.9949247736289529,0.7576558276839218,0.9097505170860923
2021-12-02 00:00:00+00:00,0.9766709499454024,0.9949247736289529,0.7576558276839218,0.9097505170860923
2021-12-03 00:00:00+00:00,0.9766709499454024,0.9949247736289529,0.7576558276839218,0.9097505170860923
2021-12-05 00:00:00+00:00,0.9766709499454024,0.9949247736289529,0.7576558276839218,0.9097505170860923
2021-12-06 00:00:00+00:00,0.9766709499454024,0.9949247736289529,0.7576558276839218,0.9097505170860923
2021-12-07 00:00:00+00:00,0.9766709499454024,0.9949247736289529,0.7576558276839218,0.9097505170860923
2021-12-08 00:00:00+00:00,0.9766709499454024,0.9949247736289529,0.7576558276839218,0.9097505170860923
2021-12-09 00:00:00+00:00,0.9766709499454024,0.9949247736289529,0.7576558276839218,0.9097505170860923
2021-12-10 00:00:00+00:00,0.9766709499454024,0.9949247736289529,0.7576558276839218,0.9097505170860923
2021-12-12 00:00:00+00:00,0.9766709499454024,0.9949247736289529,0.7576558276839218,0.9097505170860923
2021-12-13 00:00:00+00:00,0.9766709499454024,0.9949247736289529,0.7576558276839218,0.9097505170860923
2021-12-14 00:00:00+00:00,0.9766709499454024,0.9949247736289529,0.7576558276839218,0.9097505170860923
2021-12-15 00:00:00+00:00,0.9766709499454024,0.9949247736289529,0.7576558276839218,0.9097505170860923
2021-12-16 00:00:00+00:00,0.9766709499454024,0.9949247736289529,0.7461169463739803,0.9059042233161119
2021-12-17 00:00:00+00:00,0.9766709499454024,0.9949247736289529,0.7461169463739803,0.9059042233161119
2021-12-19 00:00:00+00:00,0.9766709499454024,0.9949247736289529,0.7461169463739803,0.9059042233161119
2021-12-20 00:00:00+00:00,0.9766709499454024,0.9949247736289529,0.7461169463739803,0.9059042233161119
2021-12-21 00:00:00+00:00,0.9766709499454024,0.9949247736289529,0.7461169463739803,0.9059042233161119
2021-12-22 00:00:00+00:00,0.9766709499454024,0.9949247736289529,0.7461169463739803,0.9059042233161119
2021-12-23 00:00:00+00:00,0.9766709499454024,0.9949247736289529,0.7461169463739803,0.9059042233161119
2021-12-26 00:00:00+00:00,0.9766709499454024,0.9949247736289529,0.7461169463739803,0.9059042233161119
2021-12-27 00:00:00+00:00,0.9766709499454024,0.9949247736289529,0.7461169463739803,0.9059042233161119
2021-12-28 00:00:00+00:00,0.9766709499454024,0.9949247736289529,0.7461169463739803,0.9059042233161119
2021-12-29 00:00:00+00:00,0.9766709499454024,0.9949247736289529,0.7461169463739803,0.9059042233161119
2021-12-30 00:00:00+00:00,0.9766709499454024,0.9949247736289529,0.7461169463739803,0.9059042233161119
2021-12-31 00:00:00+00:00,0.9766709499454024,0.9949247736289529,0.7296220068346924,0.9004059101363492
