exit_time,symbol,position,pnl
2022-01-02 00:00:00+00:00,EURUSD,0.0,
2022-01-02 00:00:00+00:00,GBPUSD,0.0,
2022-01-02 00:00:00+00:00,US500,0.0,
2022-01-02 00:00:00+00:00,USDJPY,0.0,
2022-01-02 00:00:00+00:00,XAUUSD,0.0,
2022-01-03 00:00:00+00:00,EURUSD,0.0,
2022-01-03 00:00:00+00:00,GBPUSD,0.0,
2022-01-03 00:00:00+00:00,US500,0.0,
2022-01-03 00:00:00+00:00,USDJPY,0.0,
2022-01-03 00:00:00+00:00,XAUUSD,0.0,
2022-01-04 00:00:00+00:00,EURUSD,0.0,
2022-01-04 00:00:00+00:00,GBPUSD,0.0,
2022-01-04 00:00:00+00:00,US500,0.0,
2022-01-04 00:00:00+00:00,USDJPY,0.0,
2022-01-04 00:00:00+00:00,XAUUSD,0.0,
2022-01-05 00:00:00+00:00,EURUSD,0.0,
2022-01-05 00:00:00+00:00,GBPUSD,0.0,
2022-01-05 00:00:00+00:00,US500,0.0,
2022-01-05 00:00:00+00:00,USDJPY,0.0,
2022-01-05 00:00:00+00:00,XAUUSD,0.0,
2022-01-06 00:00:00+00:00,EURUSD,0.0,
2022-01-06 00:00:00+00:00,GBPUSD,0.0,
2022-01-06 00:00:00+00:00,US500,0.0,
2022-01-06 00:00:00+00:00,USDJPY,0.0,
2022-01-06 00:00:00+00:00,XAUUSD,0.0,
2022-01-07 00:00:00+00:00,EURUSD,0.0,
2022-01-07 00:00:00+00:00,GBPUSD,0.0,
2022-01-07 00:00:00+00:00,US500,0.0,
2022-01-07 00:00:00+00:00,USDJPY,0.0,
2022-01-07 00:00:00+00:00,XAUUSD,0.0,
2022-01-09 00:00:00+00:00,EURUSD,0.0,
2022-01-09 00:00:00+00:00,GBPUSD,0.0,
2022-01-09 00:00:00+00:00,US500,0.0,
2022-01-09 00:00:00+00:00,USDJPY,0.0,
2022-01-09 00:00:00+00:00,XAUUSD,0.0,
2022-01-10 00:00:00+00:00,EURUSD,0.0,
2022-01-10 00:00:00+00:00,GBPUSD,0.0,
2022-01-10 00:00:00+00:00,US500,0.0,
2022-01-10 00:00:00+00:00,USDJPY,0.0,
2022-01-10 00:00:00+00:00,XAUUSD,0.0,
2022-01-11 00:00:00+00:00,EURUSD,0.0,
2022-01-11 00:00:00+00:00,GBPUSD,0.0,
2022-01-11 00:00:00+00:00,US500,0.0,
2022-01-11 00:00:00+00:00,USDJPY,0.0,
2022-01-11 00:00:00+00:00,XAUUSD,0.0,
2022-01-12 00:00:00+00:00,EURUSD,0.0,
2022-01-12 00:00:00+00:00,GBPUSD,0.0,
2022-01-12 00:00:00+00:00,US500,0.0,
2022-01-12 00:00:00+00:00,USDJPY,0.0,
2022-01-12 00:00:00+00:00,XAUUSD,0.0,
2022-01-13 00:00:00+00:00,EURUSD,0.0,
2022-01-13 00:00:00+00:00,GBPUSD,0.0,
2022-01-13 00:00:00+00:00,US500,0.0,
2022-01-13 00:00:00+00:00,USDJPY,0.0,
2022-01-13 00:00:00+00:00,XAUUSD,0.0,
2022-01-14 00:00:00+00:00,EURUSD,0.0,
2022-01-14 00:00:00+00:00,GBPUSD,0.0,
2022-01-14 00:00:00+00:00,US500,0.0,
2022-01-14 00:00:00+00:00,USDJPY,0.0,
2022-01-14 00:00:00+00:00,XAUUSD,0.0,
2022-01-16 00:00:00+00:00,EURUSD,0.0,
2022-01-16 00:00:00+00:00,GBPUSD,0.0,
2022-01-16 00:00:00+00:00,US500,0.0,
2022-01-16 00:00:00+00:00,USDJPY,0.0,
2022-01-16 00:00:00+00:00,XAUUSD,0.0,
2022-01-17 00:00:00+00:00,EURUSD,0.0,
2022-01-17 00:00:00+00:00,GBPUSD,0.0,
2022-01-17 00:00:00+00:00,US500,0.0,
2022-01-17 00:00:00+00:00,USDJPY,0.0,
2022-01-17 00:00:00+00:00,XAUUSD,0.0,
2022-01-18 00:00:00+00:00,EURUSD,0.0,
2022-01-18 00:00:00+00:00,GBPUSD,0.0,
2022-01-18 00:00:00+00:00,US500,0.0,
2022-01-18 00:00:00+00:00,USDJPY,0.0,
2022-01-18 00:00:00+00:00,XAUUSD,0.0,
2022-01-19 00:00:00+00:00,EURUSD,0.0,
2022-01-19 00:00:00+00:00,GBPUSD,0.0,
2022-01-19 00:00:00+00:00,US500,0.0,
2022-01-19 00:00:00+00:00,USDJPY,0.0,
2022-01-19 00:00:00+00:00,XAUUSD,0.0,
2022-01-20 00:00:00+00:00,EURUSD,0.0,
2022-01-20 00:00:00+00:00,GBPUSD,0.0,
2022-01-20 00:00:00+00:00,US500,0.0,
2022-01-20 00:00:00+00:00,USDJPY,0.0,
2022-01-20 00:00:00+00:00,XAUUSD,0.0,
2022-01-21 00:00:00+00:00,EURUSD,0.0,
2022-01-21 00:00:00+00:00,GBPUSD,0.0,
2022-01-21 00:00:00+00:00,US500,0.0,
2022-01-21 00:00:00+00:00,USDJPY,0.0,
2022-01-21 00:00:00+00:00,XAUUSD,0.0,
2022-01-23 00:00:00+00:00,EURUSD,0.0,
2022-01-23 00:00:00+00:00,GBPUSD,0.0,
2022-01-23 00:00:00+00:00,US500,0.0,
2022-01-23 00:00:00+00:00,USDJPY,0.0,
2022-01-23 00:00:00+00:00,XAUUSD,0.0,
2022-01-24 00:00:00+00:00,EURUSD,0.0,
2022-01-24 00:00:00+00:00,GBPUSD,0.0,
2022-01-24 00:00:00+00:00,US500,0.0,
2022-01-24 00:00:00+00:00,USDJPY,0.0,
2022-01-24 00:00:00+00:00,XAUUSD,0.0,
2022-01-25 00:00:00+00:00,EURUSD,0.0,
2022-01-25 00:00:00+00:00,GBPUSD,0.0,
2022-01-25 00:00:00+00:00,US500,0.0,
2022-01-25 00:00:00+00:00,USDJPY,0.0,
2022-01-25 00:00:00+00:00,XAUUSD,0.0,
2022-01-26 00:00:00+00:00,EURUSD,0.0,
2022-01-26 00:00:00+00:00,GBPUSD,0.0,
2022-01-26 00:00:00+00:00,US500,0.0,
2022-01-26 00:00:00+00:00,USDJPY,0.0,
2022-01-26 00:00:00+00:00,XAUUSD,0.0,
2022-01-27 00:00:00+00:00,EURUSD,0.0,
2022-01-27 00:00:00+00:00,GBPUSD,0.0,
2022-01-27 00:00:00+00:00,US500,0.0,
2022-01-27 00:00:00+00:00,USDJPY,0.0,
2022-01-27 00:00:00+00:00,XAUUSD,0.0,
2022-01-28 00:00:00+00:00,EURUSD,0.0,
2022-01-28 00:00:00+00:00,GBPUSD,0.0,
2022-01-28 00:00:00+00:00,US500,0.0,
2022-01-28 00:00:00+00:00,USDJPY,0.0,
2022-01-28 00:00:00+00:00,XAUUSD,0.0,
2022-01-30 00:00:00+00:00,EURUSD,0.0,
2022-01-30 00:00:00+00:00,GBPUSD,0.0,
2022-01-30 00:00:00+00:00,US500,0.0,
2022-01-30 00:00:00+00:00,USDJPY,0.0,
2022-01-30 00:00:00+00:00,XAUUSD,0.0,
2022-01-31 00:00:00+00:00,EURUSD,0.0,
2022-01-31 00:00:00+00:00,GBPUSD,0.0,
2022-01-31 00:00:00+00:00,US500,0.0,
2022-01-31 00:00:00+00:00,USDJPY,0.0,
2022-01-31 00:00:00+00:00,XAUUSD,0.0,
2022-02-01 00:00:00+00:00,EURUSD,0.0,
2022-02-01 00:00:00+00:00,GBPUSD,0.0,
2022-02-01 00:00:00+00:00,US500,0.0,
2022-02-01 00:00:00+00:00,USDJPY,0.0,
2022-02-01 00:00:00+00:00,XAUUSD,0.0,
2022-02-02 00:00:00+00:00,EURUSD,0.0,
2022-02-02 00:00:00+00:00,GBPUSD,0.0,
2022-02-02 00:00:00+00:00,US500,0.0,
2022-02-02 00:00:00+00:00,USDJPY,0.0,
2022-02-02 00:00:00+00:00,XAUUSD,0.0,
2022-02-03 00:00:00+00:00,EURUSD,0.0,
2022-02-03 00:00:00+00:00,GBPUSD,0.0,
2022-02-03 00:00:00+00:00,US500,0.0,
2022-02-03 00:00:00+00:00,USDJPY,0.0,
2022-02-03 00:00:00+00:00,XAUUSD,0.0,
2022-02-04 00:00:00+00:00,EURUSD,0.0,
2022-02-04 00:00:00+00:00,GBPUSD,0.0,
2022-02-04 00:00:00+00:00,US500,0.0,
2022-02-04 00:00:00+00:00,USDJPY,0.0,
2022-02-04 00:00:00+00:00,XAUUSD,0.0,
2022-02-06 00:00:00+00:00,EURUSD,0.0,
2022-02-06 00:00:00+00:00,GBPUSD,0.0,
2022-02-06 00:00:00+00:00,US500,0.0,
2022-02-06 00:00:00+00:00,USDJPY,0.0,
2022-02-06 00:00:00+00:00,XAUUSD,0.0,
2022-02-07 00:00:00+00:00,EURUSD,0.0,
2022-02-07 00:00:00+00:00,GBPUSD,0.0,
2022-02-07 00:00:00+00:00,US500,0.0,
2022-02-07 00:00:00+00:00,USDJPY,0.0,
2022-02-07 00:00:00+00:00,XAUUSD,0.0,
2022-02-08 00:00:00+00:00,EURUSD,0.0,
2022-02-08 00:00:00+00:00,GBPUSD,0.0,
2022-02-08 00:00:00+00:00,US500,0.0,
2022-02-08 00:00:00+00:00,USDJPY,0.0,
2022-02-08 00:00:00+00:00,XAUUSD,0.0,
2022-02-09 00:00:00+00:00,EURUSD,0.0,
2022-02-09 00:00:00+00:00,GBPUSD,0.0,
2022-02-09 00:00:00+00:00,US500,0.0,
2022-02-09 00:00:00+00:00,USDJPY,0.0,
2022-02-09 00:00:00+00:00,XAUUSD,0.0,
2022-02-10 00:00:00+00:00,EURUSD,0.0,
2022-02-10 00:00:00+00:00,GBPUSD,0.0,
2022-02-10 00:00:00+00:00,US500,0.0,
2022-02-10 00:00:00+00:00,USDJPY,0.0,
2022-02-10 00:00:00+00:00,XAUUSD,0.0,
2022-02-11 00:00:00+00:00,EURUSD,0.0,
2022-02-11 00:00:00+00:00,GBPUSD,0.0,
2022-02-11 00:00:00+00:00,US500,0.0,
2022-02-11 00:00:00+00:00,USDJPY,0.0,
2022-02-11 00:00:00+00:00,XAUUSD,0.0,
2022-02-13 00:00:00+00:00,EURUSD,0.0,
2022-02-13 00:00:00+00:00,GBPUSD,0.0,
2022-02-13 00:00:00+00:00,US500,0.0,
2022-02-13 00:00:00+00:00,USDJPY,0.0,
2022-02-13 00:00:00+00:00,XAUUSD,0.0,
2022-02-14 00:00:00+00:00,EURUSD,0.0,
2022-02-14 00:00:00+00:00,GBPUSD,0.0,
2022-02-14 00:00:00+00:00,US500,0.0,
2022-02-14 00:00:00+00:00,USDJPY,0.0,
2022-02-14 00:00:00+00:00,XAUUSD,0.0,
2022-02-15 00:00:00+00:00,EURUSD,0.0,
2022-02-15 00:00:00+00:00,GBPUSD,0.0,
2022-02-15 00:00:00+00:00,US500,0.0,
2022-02-15 00:00:00+00:00,USDJPY,0.0,
2022-02-15 00:00:00+00:00,XAUUSD,0.0,
2022-02-16 00:00:00+00:00,EURUSD,0.0,
2022-02-16 00:00:00+00:00,GBPUSD,0.0,
2022-02-16 00:00:00+00:00,US500,0.0,
2022-02-16 00:00:00+00:00,USDJPY,0.0,
2022-02-16 00:00:00+00:00,XAUUSD,0.0,
2022-02-17 00:00:00+00:00,EURUSD,0.0,
2022-02-17 00:00:00+00:00,GBPUSD,0.0,
2022-02-17 00:00:00+00:00,US500,0.0,
2022-02-17 00:00:00+00:00,USDJPY,0.0,
2022-02-17 00:00:00+00:00,XAUUSD,0.0,
2022-02-18 00:00:00+00:00,EURUSD,0.0,
2022-02-18 00:00:00+00:00,GBPUSD,0.0,
2022-02-18 00:00:00+00:00,US500,0.0,
2022-02-18 00:00:00+00:00,USDJPY,0.0,
2022-02-18 00:00:00+00:00,XAUUSD,0.0,
2022-02-20 00:00:00+00:00,EURUSD,0.0,
2022-02-20 00:00:00+00:00,GBPUSD,0.0,
2022-02-20 00:00:00+00:00,US500,0.0,
2022-02-20 00:00:00+00:00,USDJPY,0.0,
2022-02-20 00:00:00+00:00,XAUUSD,0.0,
2022-02-21 00:00:00+00:00,EURUSD,0.0,
2022-02-21 00:00:00+00:00,GBPUSD,0.0,
2022-02-21 00:00:00+00:00,US500,0.0,
2022-02-21 00:00:00+00:00,USDJPY,0.0,
2022-02-21 00:00:00+00:00,XAUUSD,0.0,
2022-02-22 00:00:00+00:00,EURUSD,0.0,
2022-02-22 00:00:00+00:00,GBPUSD,0.0,
2022-02-22 00:00:00+00:00,US500,0.0,
2022-02-22 00:00:00+00:00,USDJPY,0.0,
2022-02-22 00:00:00+00:00,XAUUSD,0.0,
2022-02-23 00:00:00+00:00,EURUSD,0.0,
2022-02-23 00:00:00+00:00,GBPUSD,0.0,
2022-02-23 00:00:00+00:00,US500,0.0,
2022-02-23 00:00:00+00:00,USDJPY,0.0,
2022-02-23 00:00:00+00:00,XAUUSD,0.0,
2022-02-24 00:00:00+00:00,EURUSD,0.0,
2022-02-24 00:00:00+00:00,GBPUSD,0.0,
2022-02-24 00:00:00+00:00,US500,0.0,
2022-02-24 00:00:00+00:00,USDJPY,0.0,
2022-02-24 00:00:00+00:00,XAUUSD,0.0,
2022-02-25 00:00:00+00:00,EURUSD,0.0,
2022-02-25 00:00:00+00:00,GBPUSD,0.0,
2022-02-25 00:00:00+00:00,US500,0.0,
2022-02-25 00:00:00+00:00,USDJPY,0.0,
2022-02-25 00:00:00+00:00,XAUUSD,0.0,
2022-02-27 00:00:00+00:00,EURUSD,0.0,
2022-02-27 00:00:00+00:00,GBPUSD,0.0,
2022-02-27 00:00:00+00:00,US500,0.0,
2022-02-27 00:00:00+00:00,USDJPY,0.0,
2022-02-27 00:00:00+00:00,XAUUSD,0.0,
2022-02-28 00:00:00+00:00,EURUSD,0.0,
2022-02-28 00:00:00+00:00,GBPUSD,0.0,
2022-02-28 00:00:00+00:00,US500,0.0,
2022-02-28 00:00:00+00:00,USDJPY,0.0,
2022-02-28 00:00:00+00:00,XAUUSD,0.0,
2022-03-01 00:00:00+00:00,EURUSD,0.0,
2022-03-01 00:00:00+00:00,GBPUSD,0.0,
2022-03-01 00:00:00+00:00,US500,0.0,
2022-03-01 00:00:00+00:00,USDJPY,0.0,
2022-03-01 00:00:00+00:00,XAUUSD,0.0,
2022-03-02 00:00:00+00:00,EURUSD,0.0,
2022-03-02 00:00:00+00:00,GBPUSD,0.0,
2022-03-02 00:00:00+00:00,US500,0.0,
2022-03-02 00:00:00+00:00,USDJPY,0.0,
2022-03-02 00:00:00+00:00,XAUUSD,0.0,
2022-03-03 00:00:00+00:00,EURUSD,0.0,
2022-03-03 00:00:00+00:00,GBPUSD,0.0,
2022-03-03 00:00:00+00:00,US500,0.0,
2022-03-03 00:00:00+00:00,USDJPY,0.0,
2022-03-03 00:00:00+00:00,XAUUSD,0.0,
2022-03-04 00:00:00+00:00,EURUSD,0.0,
2022-03-04 00:00:00+00:00,GBPUSD,0.0,
2022-03-04 00:00:00+00:00,US500,0.0,
2022-03-04 00:00:00+00:00,USDJPY,0.0,
2022-03-04 00:00:00+00:00,XAUUSD,0.0,
2022-03-06 00:00:00+00:00,EURUSD,0.0,
2022-03-06 00:00:00+00:00,GBPUSD,0.0,
2022-03-06 00:00:00+00:00,US500,0.0,
2022-03-06 00:00:00+00:00,USDJPY,0.0,
2022-03-06 00:00:00+00:00,XAUUSD,0.0,
2022-03-07 00:00:00+00:00,EURUSD,0.0,
2022-03-07 00:00:00+00:00,GBPUSD,0.0,
2022-03-07 00:00:00+00:00,US500,0.0,
2022-03-07 00:00:00+00:00,USDJPY,0.0,
2022-03-07 00:00:00+00:00,XAUUSD,0.0,
2022-03-08 00:00:00+00:00,EURUSD,0.0,
2022-03-08 00:00:00+00:00,GBPUSD,0.0,
2022-03-08 00:00:00+00:00,US500,0.0,
2022-03-08 00:00:00+00:00,USDJPY,0.0,
2022-03-08 00:00:00+00:00,XAUUSD,0.0,
2022-03-09 00:00:00+00:00,EURUSD,0.0,
2022-03-09 00:00:00+00:00,GBPUSD,0.0,
2022-03-09 00:00:00+00:00,US500,0.0,
2022-03-09 00:00:00+00:00,USDJPY,0.0,
2022-03-09 00:00:00+00:00,XAUUSD,0.0,
2022-03-10 00:00:00+00:00,EURUSD,0.0,
2022-03-10 00:00:00+00:00,GBPUSD,0.0,
2022-03-10 00:00:00+00:00,US500,0.0,
2022-03-10 00:00:00+00:00,USDJPY,0.0,
2022-03-10 00:00:00+00:00,XAUUSD,0.0,
2022-03-11 00:00:00+00:00,EURUSD,0.0,
2022-03-11 00:00:00+00:00,GBPUSD,0.0,
2022-03-11 00:00:00+00:00,US500,0.0,
2022-03-11 00:00:00+00:00,USDJPY,0.0,
2022-03-11 00:00:00+00:00,XAUUSD,0.0,
2022-03-13 00:00:00+00:00,EURUSD,0.0,
2022-03-13 00:00:00+00:00,GBPUSD,0.0,
2022-03-13 00:00:00+00:00,US500,0.0,
2022-03-13 00:00:00+00:00,USDJPY,0.0,
2022-03-13 00:00:00+00:00,XAUUSD,0.0,
2022-03-14 00:00:00+00:00,EURUSD,0.0,
2022-03-14 00:00:00+00:00,GBPUSD,0.0,
2022-03-14 00:00:00+00:00,US500,0.0,
2022-03-14 00:00:00+00:00,USDJPY,0.0,
2022-03-14 00:00:00+00:00,XAUUSD,0.0,
2022-03-15 00:00:00+00:00,EURUSD,0.0,
2022-03-15 00:00:00+00:00,GBPUSD,0.0,
2022-03-15 00:00:00+00:00,US500,0.0,
2022-03-15 00:00:00+00:00,USDJPY,0.0,
2022-03-15 00:00:00+00:00,XAUUSD,0.0,
2022-03-16 00:00:00+00:00,EURUSD,-3.0,
2022-03-16 00:00:00+00:00,GBPUSD,-3.0,
2022-03-16 00:00:00+00:00,US500,0.0,
2022-03-16 00:00:00+00:00,USDJPY,-0.8,
2022-03-16 00:00:00+00:00,XAUUSD,3.0,
2022-03-17 00:00:00+00:00,EURUSD,-3.0,
2022-03-17 00:00:00+00:00,GBPUSD,-3.0,
2022-03-17 00:00:00+00:00,US500,0.0,
2022-03-17 00:00:00+00:00,USDJPY,-0.8,
2022-03-17 00:00:00+00:00,XAUUSD,3.0,
2022-03-18 00:00:00+00:00,EURUSD,-3.0,
2022-03-18 00:00:00+00:00,GBPUSD,-3.0,
2022-03-18 00:00:00+00:00,US500,0.0,
2022-03-18 00:00:00+00:00,USDJPY,-0.8,
2022-03-18 00:00:00+00:00,XAUUSD,3.0,
2022-03-20 00:00:00+00:00,EURUSD,-3.0,
2022-03-20 00:00:00+00:00,GBPUSD,-3.0,
2022-03-20 00:00:00+00:00,US500,0.0,
2022-03-20 00:00:00+00:00,USDJPY,-0.8,
2022-03-20 00:00:00+00:00,XAUUSD,3.0,
2022-03-21 00:00:00+00:00,EURUSD,-3.0,
2022-03-21 00:00:00+00:00,GBPUSD,-3.0,
2022-03-21 00:00:00+00:00,US500,0.0,
2022-03-21 00:00:00+00:00,USDJPY,-0.8,
2022-03-21 00:00:00+00:00,XAUUSD,3.0,
2022-03-22 00:00:00+00:00,EURUSD,-3.0,
2022-03-22 00:00:00+00:00,GBPUSD,-3.0,
2022-03-22 00:00:00+00:00,US500,0.0,
2022-03-22 00:00:00+00:00,USDJPY,-0.8,
2022-03-22 00:00:00+00:00,XAUUSD,3.0,
2022-03-23 00:00:00+00:00,EURUSD,-3.0,
2022-03-23 00:00:00+00:00,GBPUSD,-3.0,
2022-03-23 00:00:00+00:00,US500,0.0,
2022-03-23 00:00:00+00:00,USDJPY,-0.8,
2022-03-23 00:00:00+00:00,XAUUSD,3.0,
2022-03-24 00:00:00+00:00,EURUSD,-3.0,
2022-03-24 00:00:00+00:00,GBPUSD,-3.0,
2022-03-24 00:00:00+00:00,US500,0.0,
2022-03-24 00:00:00+00:00,USDJPY,-0.8,
2022-03-24 00:00:00+00:00,XAUUSD,2.938638895142417,
2022-03-25 00:00:00+00:00,EURUSD,-3.0,
2022-03-25 00:00:00+00:00,GBPUSD,-3.0,
2022-03-25 00:00:00+00:00,US500,0.0,
2022-03-25 00:00:00+00:00,USDJPY,-0.31517553495448214,
2022-03-25 00:00:00+00:00,XAUUSD,2.3977062683699453,
2022-03-27 00:00:00+00:00,EURUSD,-3.0,
2022-03-27 00:00:00+00:00,GBPUSD,-3.0,
2022-03-27 00:00:00+00:00,US500,0.0,
2022-03-27 00:00:00+00:00,USDJPY,-0.3435713749044647,
2022-03-27 00:00:00+00:00,XAUUSD,1.5553915713587068,
2022-03-28 00:00:00+00:00,EURUSD,-2.6005510718432236,
2022-03-28 00:00:00+00:00,GBPUSD,-3.0,
2022-03-28 00:00:00+00:00,US500,0.0,
2022-03-28 00:00:00+00:00,USDJPY,0.40000000000000024,
2022-03-28 00:00:00+00:00,XAUUSD,1.3471981761638132,
2022-03-29 00:00:00+00:00,EURUSD,-2.651909752149887,
2022-03-29 00:00:00+00:00,GBPUSD,-3.0,
2022-03-29 00:00:00+00:00,US500,0.0,
2022-03-29 00:00:00+00:00,USDJPY,0.4779454480226656,
2022-03-29 00:00:00+00:00,XAUUSD,1.8412473133935228,
2022-03-30 00:00:00+00:00,EURUSD,-3.0,
2022-03-30 00:00:00+00:00,GBPUSD,-3.0,
2022-03-30 00:00:00+00:00,US500,0.0,
2022-03-30 00:00:00+00:00,USDJPY,2.6497975873598225,
2022-03-30 00:00:00+00:00,XAUUSD,0.6725884933391911,
2022-03-31 00:00:00+00:00,EURUSD,-2.6981179361275673,
2022-03-31 00:00:00+00:00,GBPUSD,-3.0,
2022-03-31 00:00:00+00:00,US500,0.0,
2022-03-31 00:00:00+00:00,USDJPY,2.2696137866213064,
2022-03-31 00:00:00+00:00,XAUUSD,1.4765380109122452,
2022-04-01 00:00:00+00:00,EURUSD,-2.5210006728296603,
2022-04-01 00:00:00+00:00,GBPUSD,-3.0,
2022-04-01 00:00:00+00:00,US500,0.0,
2022-04-01 00:00:00+00:00,USDJPY,3.0,
2022-04-01 00:00:00+00:00,XAUUSD,0.9931139244089127,
2022-04-03 00:00:00+00:00,EURUSD,-2.2712799180409524,
2022-04-03 00:00:00+00:00,GBPUSD,-2.2562590194062153,
2022-04-03 00:00:00+00:00,US500,0.0,
2022-04-03 00:00:00+00:00,USDJPY,3.0,
2022-04-03 00:00:00+00:00,XAUUSD,0.21980726080798663,
2022-04-04 00:00:00+00:00,EURUSD,-1.2719389622692783,
2022-04-04 00:00:00+00:00,GBPUSD,-2.738709377111146,
2022-04-04 00:00:00+00:00,US500,0.0,
2022-04-04 00:00:00+00:00,USDJPY,3.0,
2022-04-04 00:00:00+00:00,XAUUSD,0.7576176497065674,
2022-04-05 00:00:00+00:00,EURUSD,-1.6,
2022-04-05 00:00:00+00:00,GBPUSD,-1.0989246889669357,
2022-04-05 00:00:00+00:00,US500,0.0,
2022-04-05 00:00:00+00:00,USDJPY,3.0,
2022-04-05 00:00:00+00:00,XAUUSD,1.6958439664814362,
2022-04-06 00:00:00+00:00,EURUSD,-1.6,
2022-04-06 00:00:00+00:00,GBPUSD,-0.8053906346604084,
2022-04-06 00:00:00+00:00,US500,0.0,
2022-04-06 00:00:00+00:00,USDJPY,3.0,
2022-04-06 00:00:00+00:00,XAUUSD,1.3653161899763866,
2022-04-07 00:00:00+00:00,EURUSD,-1.6,
2022-04-07 00:00:00+00:00,GBPUSD,-0.5100703812841908,
2022-04-07 00:00:00+00:00,US500,0.0,
2022-04-07 00:00:00+00:00,USDJPY,3.0,
2022-04-07 00:00:00+00:00,XAUUSD,0.8717978233679959,
2022-04-08 00:00:00+00:00,EURUSD,-1.6,
2022-04-08 00:00:00+00:00,GBPUSD,-1.0836526238892037,
2022-04-08 00:00:00+00:00,US500,0.0,
2022-04-08 00:00:00+00:00,USDJPY,3.0,
2022-04-08 00:00:00+00:00,XAUUSD,-0.8,
2022-04-10 00:00:00+00:00,EURUSD,-0.40000000000000024,
2022-04-10 00:00:00+00:00,GBPUSD,-2.381750427666372,
2022-04-10 00:00:00+00:00,US500,0.0,
2022-04-10 00:00:00+00:00,USDJPY,3.0,
2022-04-10 00:00:00+00:00,XAUUSD,-0.8,
2022-04-11 00:00:00+00:00,EURUSD,-0.40000000000000024,
2022-04-11 00:00:00+00:00,GBPUSD,-1.6983180687769828,
2022-04-11 00:00:00+00:00,US500,0.0,
2022-04-11 00:00:00+00:00,USDJPY,1.7132524898057224,
2022-04-11 00:00:00+00:00,XAUUSD,-0.590801440435079,
2022-04-12 00:00:00+00:00,EURUSD,-0.40000000000000024,
2022-04-12 00:00:00+00:00,GBPUSD,-1.6,
2022-04-12 00:00:00+00:00,US500,0.0,
2022-04-12 00:00:00+00:00,USDJPY,0.22518837874619374,
2022-04-12 00:00:00+00:00,XAUUSD,0.40000000000000024,
2022-04-13 00:00:00+00:00,EURUSD,-1.7842889568479925,
2022-04-13 00:00:00+00:00,GBPUSD,-2.6323998771582846,
2022-04-13 00:00:00+00:00,US500,0.0,
2022-04-13 00:00:00+00:00,USDJPY,1.1805712270967565,
2022-04-13 00:00:00+00:00,XAUUSD,0.40000000000000024,
2022-04-14 00:00:00+00:00,EURUSD,-1.6,
2022-04-14 00:00:00+00:00,GBPUSD,-2.0279620489957204,
2022-04-14 00:00:00+00:00,US500,0.0,
2022-04-14 00:00:00+00:00,USDJPY,0.19446856407237406,
2022-04-14 00:00:00+00:00,XAUUSD,0.40000000000000024,
2022-04-15 00:00:00+00:00,EURUSD,-1.8584165674405553,
2022-04-15 00:00:00+00:00,GBPUSD,-1.8702444718690976,
2022-04-15 00:00:00+00:00,US500,0.0,
2022-04-15 00:00:00+00:00,USDJPY,1.330715840977854,
2022-04-15 00:00:00+00:00,XAUUSD,0.0,
2022-04-17 00:00:00+00:00,EURUSD,-3.0,
2022-04-17 00:00:00+00:00,GBPUSD,-2.8684749799214515,
2022-04-17 00:00:00+00:00,US500,0.0,
2022-04-17 00:00:00+00:00,USDJPY,2.0187886006305016,
2022-04-17 00:00:00+00:00,XAUUSD,-0.8,
2022-04-18 00:00:00+00:00,EURUSD,-2.88252877590417,
2022-04-18 00:00:00+00:00,GBPUSD,-2.1941354309369983,
2022-04-18 00:00:00+00:00,US500,0.0,
2022-04-18 00:00:00+00:00,USDJPY,1.2905091868612033,
2022-04-18 00:00:00+00:00,XAUUSD,-0.8,
2022-04-19 00:00:00+00:00,EURUSD,-3.0,
2022-04-19 00:00:00+00:00,GBPUSD,-2.8496852445147436,
2022-04-19 00:00:00+00:00,US500,0.0,
2022-04-19 00:00:00+00:00,USDJPY,0.40000000000000024,
2022-04-19 00:00:00+00:00,XAUUSD,0.23236567540653036,
2022-04-20 00:00:00+00:00,EURUSD,-3.0,
2022-04-20 00:00:00+00:00,GBPUSD,-3.0,
2022-04-20 00:00:00+00:00,US500,0.0,
2022-04-20 00:00:00+00:00,USDJPY,0.8920662893115574,
2022-04-20 00:00:00+00:00,XAUUSD,0.3102045827258315,
2022-04-21 00:00:00+00:00,EURUSD,-3.0,
2022-04-21 00:00:00+00:00,GBPUSD,-3.0,
2022-04-21 00:00:00+00:00,US500,0.0,
2022-04-21 00:00:00+00:00,USDJPY,0.40000000000000024,
2022-04-21 00:00:00+00:00,XAUUSD,1.547594960726137,
2022-04-22 00:00:00+00:00,EURUSD,-3.0,
2022-04-22 00:00:00+00:00,GBPUSD,-0.40000000000000024,
2022-04-22 00:00:00+00:00,US500,0.0,
2022-04-22 00:00:00+00:00,USDJPY,1.927882495174968,
2022-04-22 00:00:00+00:00,XAUUSD,2.6946530367679524,
2022-04-24 00:00:00+00:00,EURUSD,-3.0,
2022-04-24 00:00:00+00:00,GBPUSD,-0.40000000000000024,
2022-04-24 00:00:00+00:00,US500,0.0,
2022-04-24 00:00:00+00:00,USDJPY,1.647561014135555,
2022-04-24 00:00:00+00:00,XAUUSD,2.8,
2022-04-25 00:00:00+00:00,EURUSD,-1.9048650331210764,
2022-04-25 00:00:00+00:00,GBPUSD,-0.40000000000000024,
2022-04-25 00:00:00+00:00,US500,0.0,
2022-04-25 00:00:00+00:00,USDJPY,2.769730297362093,
2022-04-25 00:00:00+00:00,XAUUSD,2.8,
2022-04-26 00:00:00+00:00,EURUSD,-0.905406849958802,
2022-04-26 00:00:00+00:00,GBPUSD,-1.6,
2022-04-26 00:00:00+00:00,US500,0.0,
2022-04-26 00:00:00+00:00,USDJPY,3.0,
2022-04-26 00:00:00+00:00,XAUUSD,2.8,
2022-04-27 00:00:00+00:00,EURUSD,-0.40000000000000024,
2022-04-27 00:00:00+00:00,GBPUSD,-1.6,
2022-04-27 00:00:00+00:00,US500,0.0,
2022-04-27 00:00:00+00:00,USDJPY,3.0,
2022-04-27 00:00:00+00:00,XAUUSD,2.8,
2022-04-28 00:00:00+00:00,EURUSD,-0.40000000000000024,
2022-04-28 00:00:00+00:00,GBPUSD,-1.6,
2022-04-28 00:00:00+00:00,US500,0.0,
2022-04-28 00:00:00+00:00,USDJPY,0.40000000000000024,
2022-04-28 00:00:00+00:00,XAUUSD,2.8,
2022-04-29 00:00:00+00:00,EURUSD,-0.40931147693434144,
2022-04-29 00:00:00+00:00,GBPUSD,-1.6,
2022-04-29 00:00:00+00:00,US500,0.0,
2022-04-29 00:00:00+00:00,USDJPY,2.71679509686591,
2022-04-29 00:00:00+00:00,XAUUSD,2.8,
2022-05-01 00:00:00+00:00,EURUSD,-0.40000000000000024,
2022-05-01 00:00:00+00:00,GBPUSD,-1.6,
2022-05-01 00:00:00+00:00,US500,0.0,
2022-05-01 00:00:00+00:00,USDJPY,3.0,
2022-05-01 00:00:00+00:00,XAUUSD,2.6140189775195517,
2022-05-02 00:00:00+00:00,EURUSD,-0.40000000000000024,
2022-05-02 00:00:00+00:00,GBPUSD,-1.6,
2022-05-02 00:00:00+00:00,US500,0.0,
2022-05-02 00:00:00+00:00,USDJPY,3.0,
2022-05-02 00:00:00+00:00,XAUUSD,0.8,
2022-05-03 00:00:00+00:00,EURUSD,-0.40000000000000024,
2022-05-03 00:00:00+00:00,GBPUSD,-1.6,
2022-05-03 00:00:00+00:00,US500,0.0,
2022-05-03 00:00:00+00:00,USDJPY,3.0,
2022-05-03 00:00:00+00:00,XAUUSD,0.8,
2022-05-04 00:00:00+00:00,EURUSD,-2.1722704486805857,
2022-05-04 00:00:00+00:00,GBPUSD,-3.0,
2022-05-04 00:00:00+00:00,US500,0.0,
2022-05-04 00:00:00+00:00,USDJPY,3.0,
2022-05-04 00:00:00+00:00,XAUUSD,-0.3980406155123154,
2022-05-05 00:00:00+00:00,EURUSD,-0.4686777862714907,
2022-05-05 00:00:00+00:00,GBPUSD,-1.709755948356723,
2022-05-05 00:00:00+00:00,US500,0.0,
2022-05-05 00:00:00+00:00,USDJPY,3.0,
2022-05-05 00:00:00+00:00,XAUUSD,0.18026631490003475,
2022-05-06 00:00:00+00:00,EURUSD,-2.3309349716479737,
2022-05-06 00:00:00+00:00,GBPUSD,-2.3614733121572162,
2022-05-06 00:00:00+00:00,US500,0.0,
2022-05-06 00:00:00+00:00,USDJPY,2.2883781720894367,
2022-05-06 00:00:00+00:00,XAUUSD,-1.2772316020023298,
2022-05-08 00:00:00+00:00,EURUSD,-3.0,
2022-05-08 00:00:00+00:00,GBPUSD,-3.0,
2022-05-08 00:00:00+00:00,US500,0.0,
2022-05-08 00:00:00+00:00,USDJPY,1.1654740354740905,
2022-05-08 00:00:00+00:00,XAUUSD,-1.1031390943746215,
2022-05-09 00:00:00+00:00,EURUSD,-3.0,
2022-05-09 00:00:00+00:00,GBPUSD,-3.0,
2022-05-09 00:00:00+00:00,US500,0.0,
2022-05-09 00:00:00+00:00,USDJPY,3.0,
2022-05-09 00:00:00+00:00,XAUUSD,-1.0333718009285529,
2022-05-10 00:00:00+00:00,EURUSD,-3.0,
2022-05-10 00:00:00+00:00,GBPUSD,-3.0,
2022-05-10 00:00:00+00:00,US500,0.0,
2022-05-10 00:00:00+00:00,USDJPY,3.0,
2022-05-10 00:00:00+00:00,XAUUSD,0.039410368969911014,
2022-05-11 00:00:00+00:00,EURUSD,-3.0,
2022-05-11 00:00:00+00:00,GBPUSD,-3.0,
2022-05-11 00:00:00+00:00,US500,0.0,
2022-05-11 00:00:00+00:00,USDJPY,3.0,
2022-05-11 00:00:00+00:00,XAUUSD,-1.0441783239141014,
2022-05-12 00:00:00+00:00,EURUSD,-2.1295429509632062,
2022-05-12 00:00:00+00:00,GBPUSD,-2.9809657245076693,
2022-05-12 00:00:00+00:00,US500,0.0,
2022-05-12 00:00:00+00:00,USDJPY,3.0,
2022-05-12 00:00:00+00:00,XAUUSD,0.5556858152672679,
2022-05-13 00:00:00+00:00,EURUSD,-1.9458550568376265,
2022-05-13 00:00:00+00:00,GBPUSD,-3.0,
2022-05-13 00:00:00+00:00,US500,0.0,
2022-05-13 00:00:00+00:00,USDJPY,3.0,
2022-05-13 00:00:00+00:00,XAUUSD,-2.08545415000921,
2022-05-15 00:00:00+00:00,EURUSD,-2.748553512349824,
2022-05-15 00:00:00+00:00,GBPUSD,-3.0,
2022-05-15 00:00:00+00:00,US500,0.0,
2022-05-15 00:00:00+00:00,USDJPY,3.0,
2022-05-15 00:00:00+00:00,XAUUSD,-0.8930425717903758,
2022-05-16 00:00:00+00:00,EURUSD,-1.9436784038999781,
2022-05-16 00:00:00+00:00,GBPUSD,-3.0,
2022-05-16 00:00:00+00:00,US500,0.0,
2022-05-16 00:00:00+00:00,USDJPY,3.0,
2022-05-16 00:00:00+00:00,XAUUSD,-0.18113049490824412,
2022-05-17 00:00:00+00:00,EURUSD,-2.7801615586594837,
2022-05-17 00:00:00+00:00,GBPUSD,-2.978744527135161,
2022-05-17 00:00:00+00:00,US500,0.0,
2022-05-17 00:00:00+00:00,USDJPY,2.978744527135161,
2022-05-17 00:00:00+00:00,XAUUSD,-2.978744527135161,
2022-05-18 00:00:00+00:00,EURUSD,-2.4202143746815703,
2022-05-18 00:00:00+00:00,GBPUSD,-3.0,
2022-05-18 00:00:00+00:00,US500,0.0,
2022-05-18 00:00:00+00:00,USDJPY,3.0,
2022-05-18 00:00:00+00:00,XAUUSD,-2.70025722766604,
2022-05-19 00:00:00+00:00,EURUSD,-2.4299810293222293,
2022-05-19 00:00:00+00:00,GBPUSD,-2.6035511028452456,
2022-05-19 00:00:00+00:00,US500,0.0,
2022-05-19 00:00:00+00:00,USDJPY,2.6035511028452456,
2022-05-19 00:00:00+00:00,XAUUSD,-2.6035511028452456,
2022-05-20 00:00:00+00:00,EURUSD,-2.429340629284725,
2022-05-20 00:00:00+00:00,GBPUSD,-2.6028649599479197,
2022-05-20 00:00:00+00:00,US500,0.0,
2022-05-20 00:00:00+00:00,USDJPY,2.6028649599479197,
2022-05-20 00:00:00+00:00,XAUUSD,-2.6028649599479197,
2022-05-22 00:00:00+00:00,EURUSD,-2.6900109673909944,
2022-05-22 00:00:00+00:00,GBPUSD,-2.8821546079189226,
2022-05-22 00:00:00+00:00,US500,0.0,
2022-05-22 00:00:00+00:00,USDJPY,2.8821546079189226,
2022-05-22 00:00:00+00:00,XAUUSD,-2.8821546079189226,
2022-05-23 00:00:00+00:00,EURUSD,-2.565206515834138,
2022-05-23 00:00:00+00:00,GBPUSD,-2.7484355526794335,
2022-05-23 00:00:00+00:00,US500,0.0,
2022-05-23 00:00:00+00:00,USDJPY,2.7484355526794335,
2022-05-23 00:00:00+00:00,XAUUSD,-2.7484355526794335,
2022-05-24 00:00:00+00:00,EURUSD,-2.485314825508827,
2022-05-24 00:00:00+00:00,GBPUSD,-2.6628373130451717,
2022-05-24 00:00:00+00:00,US500,0.0,
2022-05-24 00:00:00+00:00,USDJPY,2.6628373130451717,
2022-05-24 00:00:00+00:00,XAUUSD,-2.6628373130451717,
2022-05-25 00:00:00+00:00,EURUSD,-2.4596375840549896,
2022-05-25 00:00:00+00:00,GBPUSD,-2.63532598291606,
2022-05-25 00:00:00+00:00,US500,0.0,
2022-05-25 00:00:00+00:00,USDJPY,2.63532598291606,
2022-05-25 00:00:00+00:00,XAUUSD,-2.63532598291606,
2022-05-26 00:00:00+00:00,EURUSD,-2.455478808091213,
2022-05-26 00:00:00+00:00,GBPUSD,-2.6308701515262993,
2022-05-26 00:00:00+00:00,US500,0.0,
2022-05-26 00:00:00+00:00,USDJPY,2.6308701515262993,
2022-05-26 00:00:00+00:00,XAUUSD,-2.6308701515262993,
2022-05-27 00:00:00+00:00,EURUSD,-2.474486726477112,
2022-05-27 00:00:00+00:00,GBPUSD,-2.6512357783683345,
2022-05-27 00:00:00+00:00,US500,0.0,
2022-05-27 00:00:00+00:00,USDJPY,2.6512357783683345,
2022-05-27 00:00:00+00:00,XAUUSD,-2.6512357783683345,
2022-05-29 00:00:00+00:00,EURUSD,-3.0,
2022-05-29 00:00:00+00:00,GBPUSD,-3.0,
2022-05-29 00:00:00+00:00,US500,0.0,
2022-05-29 00:00:00+00:00,USDJPY,3.0,
2022-05-29 00:00:00+00:00,XAUUSD,-3.0,
2022-05-30 00:00:00+00:00,EURUSD,-3.0,
2022-05-30 00:00:00+00:00,GBPUSD,-3.0,
2022-05-30 00:00:00+00:00,US500,0.0,
2022-05-30 00:00:00+00:00,USDJPY,2.1393288974603646,
2022-05-30 00:00:00+00:00,XAUUSD,-3.0,
2022-05-31 00:00:00+00:00,EURUSD,-2.8023746053852867,
2022-05-31 00:00:00+00:00,GBPUSD,-3.0,
2022-05-31 00:00:00+00:00,US500,0.0,
2022-05-31 00:00:00+00:00,USDJPY,1.4,
2022-05-31 00:00:00+00:00,XAUUSD,-2.8141261257800214,
2022-06-01 00:00:00+00:00,EURUSD,-1.9908951290698809,
2022-06-01 00:00:00+00:00,GBPUSD,-2.8613858945247563,
2022-06-01 00:00:00+00:00,US500,0.0,
2022-06-01 00:00:00+00:00,USDJPY,1.3353134174448864,
2022-06-01 00:00:00+00:00,XAUUSD,-1.7078066217140513,
2022-06-02 00:00:00+00:00,EURUSD,-2.7171685379026034,
2022-06-02 00:00:00+00:00,GBPUSD,-2.755593973681354,
2022-06-02 00:00:00+00:00,US500,0.0,
2022-06-02 00:00:00+00:00,USDJPY,1.2859438543846318,
2022-06-02 00:00:00+00:00,XAUUSD,-2.398380260846318,
2022-06-03 00:00:00+00:00,EURUSD,-1.1658954664694015,
2022-06-03 00:00:00+00:00,GBPUSD,-2.5522555138507057,
2022-06-03 00:00:00+00:00,US500,0.0,
2022-06-03 00:00:00+00:00,USDJPY,1.1910525731303294,
2022-06-03 00:00:00+00:00,XAUUSD,-1.1884929484915039,
2022-06-05 00:00:00+00:00,EURUSD,-0.7054641145755247,
2022-06-05 00:00:00+00:00,GBPUSD,-2.6162520964680867,
2022-06-05 00:00:00+00:00,US500,0.0,
2022-06-05 00:00:00+00:00,USDJPY,1.2209176450184405,
2022-06-05 00:00:00+00:00,XAUUSD,-0.6198032217548092,
2022-06-06 00:00:00+00:00,EURUSD,-0.715826299798366,
2022-06-06 00:00:00+00:00,GBPUSD,-1.360789155042101,
2022-06-06 00:00:00+00:00,US500,0.0,
2022-06-06 00:00:00+00:00,USDJPY,1.211850967973117,
2022-06-06 00:00:00+00:00,XAUUSD,-1.607158410795854,
2022-06-07 00:00:00+00:00,EURUSD,-0.2431569480835281,
2022-06-07 00:00:00+00:00,GBPUSD,-1.4373115059785215,
2022-06-07 00:00:00+00:00,US500,0.0,
2022-06-07 00:00:00+00:00,USDJPY,1.2139313490583914,
2022-06-07 00:00:00+00:00,XAUUSD,-2.137161867820522,
2022-06-08 00:00:00+00:00,EURUSD,-0.23960795846091398,
2022-06-08 00:00:00+00:00,GBPUSD,-1.2219004055281812,
2022-06-08 00:00:00+00:00,US500,0.0,
2022-06-08 00:00:00+00:00,USDJPY,1.2219004055281812,
2022-06-08 00:00:00+00:00,XAUUSD,-1.9464885490859476,
2022-06-09 00:00:00+00:00,EURUSD,-0.17859507366048033,
2022-06-09 00:00:00+00:00,GBPUSD,-2.3217359575862453,
2022-06-09 00:00:00+00:00,US500,0.0,
2022-06-09 00:00:00+00:00,USDJPY,1.2501655156233626,
2022-06-09 00:00:00+00:00,XAUUSD,-0.5909857438633376,
2022-06-10 00:00:00+00:00,EURUSD,-1.2365792009894947,
2022-06-10 00:00:00+00:00,GBPUSD,-2.2965042304090617,
2022-06-10 00:00:00+00:00,US500,0.0,
2022-06-10 00:00:00+00:00,USDJPY,1.2365792009894947,
2022-06-10 00:00:00+00:00,XAUUSD,-0.5981717437149161,
2022-06-12 00:00:00+00:00,EURUSD,-1.4,
2022-06-12 00:00:00+00:00,GBPUSD,-2.6000000000000005,
2022-06-12 00:00:00+00:00,US500,0.0,
2022-06-12 00:00:00+00:00,USDJPY,1.4,
2022-06-12 00:00:00+00:00,XAUUSD,-1.7999999999999998,
2022-06-13 00:00:00+00:00,EURUSD,-0.18378191044243453,
2022-06-13 00:00:00+00:00,GBPUSD,-2.3891648357516497,
2022-06-13 00:00:00+00:00,US500,0.0,
2022-06-13 00:00:00+00:00,USDJPY,1.99812875228532,
2022-06-13 00:00:00+00:00,XAUUSD,0.5513457313273036,
2022-06-14 00:00:00+00:00,EURUSD,-0.18167950613649975,
2022-06-14 00:00:00+00:00,GBPUSD,-2.3618335797744976,
2022-06-14 00:00:00+00:00,US500,0.0,
2022-06-14 00:00:00+00:00,USDJPY,1.568849428483088,
2022-06-14 00:00:00+00:00,XAUUSD,-1.2717565429554984,
2022-06-15 00:00:00+00:00,EURUSD,-1.2447723539671471,
2022-06-15 00:00:00+00:00,GBPUSD,-2.3117200859389877,
2022-06-15 00:00:00+00:00,US500,0.0,
2022-06-15 00:00:00+00:00,USDJPY,2.5762005355238387,
2022-06-15 00:00:00+00:00,XAUUSD,1.4362266316188035,
2022-06-16 00:00:00+00:00,EURUSD,-0.3485189049434316,
2022-06-16 00:00:00+00:00,GBPUSD,-2.5838703940100385,
2022-06-16 00:00:00+00:00,US500,0.0,
2022-06-16 00:00:00+00:00,USDJPY,2.5838703940100385,
2022-06-16 00:00:00+00:00,XAUUSD,-0.622759751805091,
2022-06-17 00:00:00+00:00,EURUSD,-0.3304105719626222,
2022-06-17 00:00:00+00:00,GBPUSD,-2.1539892653733426,
2022-06-17 00:00:00+00:00,US500,0.0,
2022-06-17 00:00:00+00:00,USDJPY,2.3822234927390196,
2022-06-17 00:00:00+00:00,XAUUSD,-2.2837927310005464,
2022-06-19 00:00:00+00:00,EURUSD,-0.36798391275263015,
2022-06-19 00:00:00+00:00,GBPUSD,-2.088436642125133,
2022-06-19 00:00:00+00:00,US500,0.0,
2022-06-19 00:00:00+00:00,USDJPY,2.4097345870674607,
2022-06-19 00:00:00+00:00,XAUUSD,0.02011011428316481,
2022-06-20 00:00:00+00:00,EURUSD,-0.5325455299894046,
2022-06-20 00:00:00+00:00,GBPUSD,-2.4018591571714074,
2022-06-20 00:00:00+00:00,US500,0.0,
2022-06-20 00:00:00+00:00,USDJPY,2.4018591571714074,
2022-06-20 00:00:00+00:00,XAUUSD,-0.1710663332348128,
2022-06-21 00:00:00+00:00,EURUSD,-1.5169289587802084,
2022-06-21 00:00:00+00:00,GBPUSD,-2.046740156183543,
2022-06-21 00:00:00+00:00,US500,0.0,
2022-06-21 00:00:00+00:00,USDJPY,2.399728407734946,
2022-06-21 00:00:00+00:00,XAUUSD,-2.399728407734946,
2022-06-22 00:00:00+00:00,EURUSD,-2.384668600857928,
2022-06-22 00:00:00+00:00,GBPUSD,-2.384668600857928,
2022-06-22 00:00:00+00:00,US500,0.0,
2022-06-22 00:00:00+00:00,USDJPY,2.384668600857928,
2022-06-22 00:00:00+00:00,XAUUSD,-1.112845347067033,
2022-06-23 00:00:00+00:00,EURUSD,-2.445478026650083,
2022-06-23 00:00:00+00:00,GBPUSD,-2.445478026650083,
2022-06-23 00:00:00+00:00,US500,0.0,
2022-06-23 00:00:00+00:00,USDJPY,2.445478026650083,
2022-06-23 00:00:00+00:00,XAUUSD,-0.4890956053300168,
2022-06-24 00:00:00+00:00,EURUSD,-2.4983797453132577,
2022-06-24 00:00:00+00:00,GBPUSD,-2.4983797453132577,
2022-06-24 00:00:00+00:00,US500,0.0,
2022-06-24 00:00:00+00:00,USDJPY,2.4983797453132577,
2022-06-24 00:00:00+00:00,XAUUSD,-2.4983797453132577,
2022-06-26 00:00:00+00:00,EURUSD,-2.674781412938081,
2022-06-26 00:00:00+00:00,GBPUSD,-2.674781412938081,
2022-06-26 00:00:00+00:00,US500,0.0,
2022-06-26 00:00:00+00:00,USDJPY,2.674781412938081,
2022-06-26 00:00:00+00:00,XAUUSD,-2.674781412938081,
2022-06-27 00:00:00+00:00,EURUSD,-2.812273783943098,
2022-06-27 00:00:00+00:00,GBPUSD,-2.812273783943098,
2022-06-27 00:00:00+00:00,US500,0.0,
2022-06-27 00:00:00+00:00,USDJPY,2.812273783943098,
2022-06-27 00:00:00+00:00,XAUUSD,-2.1845315575270745,
2022-06-28 00:00:00+00:00,EURUSD,-2.5967980458258637,
2022-06-28 00:00:00+00:00,GBPUSD,-2.7258870749060473,
2022-06-28 00:00:00+00:00,US500,0.0,
2022-06-28 00:00:00+00:00,USDJPY,2.7258870749060473,
2022-06-28 00:00:00+00:00,XAUUSD,-0.6498220505486126,
2022-06-29 00:00:00+00:00,EURUSD,-2.3153985294640194,
2022-06-29 00:00:00+00:00,GBPUSD,-2.673503968875028,
2022-06-29 00:00:00+00:00,US500,0.0,
2022-06-29 00:00:00+00:00,USDJPY,2.673503968875028,
2022-06-29 00:00:00+00:00,XAUUSD,-1.48929210747522,
2022-06-30 00:00:00+00:00,EURUSD,-2.6574988568410873,
2022-06-30 00:00:00+00:00,GBPUSD,-2.6574988568410873,
2022-06-30 00:00:00+00:00,US500,0.0,
2022-06-30 00:00:00+00:00,USDJPY,2.6574988568410873,
2022-06-30 00:00:00+00:00,XAUUSD,-2.5734327986609005,
2022-07-01 00:00:00+00:00,EURUSD,-1.8502499858774943,
2022-07-01 00:00:00+00:00,GBPUSD,-2.6632831545321585,
2022-07-01 00:00:00+00:00,US500,0.0,
2022-07-01 00:00:00+00:00,USDJPY,2.6632831545321585,
2022-07-01 00:00:00+00:00,XAUUSD,-1.1378640168807692,
2022-07-03 00:00:00+00:00,EURUSD,-1.7487951428351294,
2022-07-03 00:00:00+00:00,GBPUSD,-2.652521256856268,
2022-07-03 00:00:00+00:00,US500,0.0,
2022-07-03 00:00:00+00:00,USDJPY,2.652521256856268,
2022-07-03 00:00:00+00:00,XAUUSD,-1.526827457503913,
2022-07-04 00:00:00+00:00,EURUSD,-1.3055578016241567,
2022-07-04 00:00:00+00:00,GBPUSD,-2.6697383771845575,
2022-07-04 00:00:00+00:00,US500,0.0,
2022-07-04 00:00:00+00:00,USDJPY,2.6697383771845575,
2022-07-04 00:00:00+00:00,XAUUSD,-2.6697383771845575,
2022-07-05 00:00:00+00:00,EURUSD,-0.15252353362674895,
2022-07-05 00:00:00+00:00,GBPUSD,-1.3491486883195702,
2022-07-05 00:00:00+00:00,US500,0.0,
2022-07-05 00:00:00+00:00,USDJPY,2.2878530044012346,
2022-07-05 00:00:00+00:00,XAUUSD,-1.982805937147737,
2022-07-06 00:00:00+00:00,EURUSD,-0.15819522946970865,
2022-07-06 00:00:00+00:00,GBPUSD,-1.16277576806229,
2022-07-06 00:00:00+00:00,US500,0.0,
2022-07-06 00:00:00+00:00,USDJPY,2.3729284420456302,
2022-07-06 00:00:00+00:00,XAUUSD,-2.0565379831062134,
2022-07-07 00:00:00+00:00,EURUSD,-0.15821247299043775,
2022-07-07 00:00:00+00:00,GBPUSD,-1.5984791905008386,
2022-07-07 00:00:00+00:00,US500,0.0,
2022-07-07 00:00:00+00:00,USDJPY,2.3731870948565668,
2022-07-07 00:00:00+00:00,XAUUSD,-2.0567621488756913,
2022-07-08 00:00:00+00:00,EURUSD,-0.17179624281898304,
2022-07-08 00:00:00+00:00,GBPUSD,-1.8384057317053024,
2022-07-08 00:00:00+00:00,US500,0.0,
2022-07-08 00:00:00+00:00,USDJPY,2.5769436422847463,
2022-07-08 00:00:00+00:00,XAUUSD,-2.2333511566467803,
2022-07-10 00:00:00+00:00,EURUSD,-0.192049563139085,
2022-07-10 00:00:00+00:00,GBPUSD,-2.7589457567990774,
2022-07-10 00:00:00+00:00,US500,0.0,
2022-07-10 00:00:00+00:00,USDJPY,2.880743447086276,
2022-07-10 00:00:00+00:00,XAUUSD,-2.496644320808106,
2022-07-11 00:00:00+00:00,EURUSD,-0.19999999999999996,
2022-07-11 00:00:00+00:00,GBPUSD,-2.1551913659311097,
2022-07-11 00:00:00+00:00,US500,0.0,
2022-07-11 00:00:00+00:00,USDJPY,3.0,
2022-07-11 00:00:00+00:00,XAUUSD,-2.6000000000000005,
2022-07-12 00:00:00+00:00,EURUSD,-0.19999999999999996,
2022-07-12 00:00:00+00:00,GBPUSD,-1.4988085972486807,
2022-07-12 00:00:00+00:00,US500,0.0,
2022-07-12 00:00:00+00:00,USDJPY,2.959155424393394,
2022-07-12 00:00:00+00:00,XAUUSD,-2.6000000000000005,
2022-07-13 00:00:00+00:00,EURUSD,-0.19999999999999996,
2022-07-13 00:00:00+00:00,GBPUSD,-2.0609645439230024,
2022-07-13 00:00:00+00:00,US500,0.0,
2022-07-13 00:00:00+00:00,USDJPY,1.4,
2022-07-13 00:00:00+00:00,XAUUSD,-2.6000000000000005,
2022-07-14 00:00:00+00:00,EURUSD,-0.19999999999999996,
2022-07-14 00:00:00+00:00,GBPUSD,-1.7291837824855667,
2022-07-14 00:00:00+00:00,US500,0.0,
2022-07-14 00:00:00+00:00,USDJPY,1.4,
2022-07-14 00:00:00+00:00,XAUUSD,-2.6000000000000005,
2022-07-15 00:00:00+00:00,EURUSD,-0.5848780076674256,
2022-07-15 00:00:00+00:00,GBPUSD,-1.9437471036419567,
2022-07-15 00:00:00+00:00,US500,0.0,
2022-07-15 00:00:00+00:00,USDJPY,1.4,
2022-07-15 00:00:00+00:00,XAUUSD,-2.6000000000000005,
2022-07-17 00:00:00+00:00,EURUSD,-2.3071917712120085,
2022-07-17 00:00:00+00:00,GBPUSD,-3.0,
2022-07-17 00:00:00+00:00,US500,0.0,
2022-07-17 00:00:00+00:00,USDJPY,1.4,
2022-07-17 00:00:00+00:00,XAUUSD,-3.0,
2022-07-18 00:00:00+00:00,EURUSD,-3.0,
2022-07-18 00:00:00+00:00,GBPUSD,-3.0,
2022-07-18 00:00:00+00:00,US500,0.0,
2022-07-18 00:00:00+00:00,USDJPY,1.8021210900740605,
2022-07-18 00:00:00+00:00,XAUUSD,-3.0,
2022-07-19 00:00:00+00:00,EURUSD,-2.8863256930170498,
2022-07-19 00:00:00+00:00,GBPUSD,-2.8863256930170498,
2022-07-19 00:00:00+00:00,US500,0.0,
2022-07-19 00:00:00+00:00,USDJPY,1.914555922973076,
2022-07-19 00:00:00+00:00,XAUUSD,-2.8863256930170498,
2022-07-20 00:00:00+00:00,EURUSD,-2.8314189350460732,
2022-07-20 00:00:00+00:00,GBPUSD,-2.8314189350460732,
2022-07-20 00:00:00+00:00,US500,0.0,
2022-07-20 00:00:00+00:00,USDJPY,1.7981681463763382,
2022-07-20 00:00:00+00:00,XAUUSD,-2.8314189350460732,
2022-07-21 00:00:00+00:00,EURUSD,-2.5533608718349323,
2022-07-21 00:00:00+00:00,GBPUSD,-2.5533608718349323,
2022-07-21 00:00:00+00:00,US500,0.0,
2022-07-21 00:00:00+00:00,USDJPY,2.5533608718349323,
2022-07-21 00:00:00+00:00,XAUUSD,-2.5533608718349323,
2022-07-22 00:00:00+00:00,EURUSD,-2.526715464484522,
2022-07-22 00:00:00+00:00,GBPUSD,-2.526715464484522,
2022-07-22 00:00:00+00:00,US500,0.0,
2022-07-22 00:00:00+00:00,USDJPY,2.526715464484522,
2022-07-22 00:00:00+00:00,XAUUSD,-2.526715464484522,
2022-07-24 00:00:00+00:00,EURUSD,-2.557888500879328,
2022-07-24 00:00:00+00:00,GBPUSD,-2.557888500879328,
2022-07-24 00:00:00+00:00,US500,0.0,
2022-07-24 00:00:00+00:00,USDJPY,2.557888500879328,
2022-07-24 00:00:00+00:00,XAUUSD,-2.557888500879328,
2022-07-25 00:00:00+00:00,EURUSD,-2.54157918958049,
2022-07-25 00:00:00+00:00,GBPUSD,-2.54157918958049,
2022-07-25 00:00:00+00:00,US500,0.0,
2022-07-25 00:00:00+00:00,USDJPY,2.54157918958049,
2022-07-25 00:00:00+00:00,XAUUSD,-2.54157918958049,
2022-07-26 00:00:00+00:00,EURUSD,-2.5074606082127486,
2022-07-26 00:00:00+00:00,GBPUSD,-2.173132527117715,
2022-07-26 00:00:00+00:00,US500,0.0,
2022-07-26 00:00:00+00:00,USDJPY,2.5074606082127486,
2022-07-26 00:00:00+00:00,XAUUSD,-2.5074606082127486,
2022-07-27 00:00:00+00:00,EURUSD,-2.1739266946019096,
2022-07-27 00:00:00+00:00,GBPUSD,-1.8840698019883215,
2022-07-27 00:00:00+00:00,US500,0.0,
2022-07-27 00:00:00+00:00,USDJPY,2.1739266946019096,
2022-07-27 00:00:00+00:00,XAUUSD,-2.1739266946019096,
2022-07-28 00:00:00+00:00,EURUSD,-2.4480180586751366,
2022-07-28 00:00:00+00:00,GBPUSD,-2.1216156508517847,
2022-07-28 00:00:00+00:00,US500,0.0,
2022-07-28 00:00:00+00:00,USDJPY,2.4480180586751366,
2022-07-28 00:00:00+00:00,XAUUSD,-2.4480180586751366,
2022-07-29 00:00:00+00:00,EURUSD,-2.505491327343427,
2022-07-29 00:00:00+00:00,GBPUSD,-2.17142581703097,
2022-07-29 00:00:00+00:00,US500,0.0,
2022-07-29 00:00:00+00:00,USDJPY,2.505491327343427,
2022-07-29 00:00:00+00:00,XAUUSD,-2.505491327343427,
2022-07-31 00:00:00+00:00,EURUSD,-2.119251106315838,
2022-07-31 00:00:00+00:00,GBPUSD,-1.9851786330602437,
2022-07-31 00:00:00+00:00,US500,0.0,
2022-07-31 00:00:00+00:00,USDJPY,2.4884262920507174,
2022-07-31 00:00:00+00:00,XAUUSD,-2.4884262920507174,
2022-08-01 00:00:00+00:00,EURUSD,-2.3045025656356715,
2022-08-01 00:00:00+00:00,GBPUSD,-1.9972355568842484,
2022-08-01 00:00:00+00:00,US500,0.0,
2022-08-01 00:00:00+00:00,USDJPY,2.3045025656356715,
2022-08-01 00:00:00+00:00,XAUUSD,-2.3045025656356715,
2022-08-02 00:00:00+00:00,EURUSD,-1.2552039864172106,
2022-08-02 00:00:00+00:00,GBPUSD,-1.204674241303739,
2022-08-02 00:00:00+00:00,US500,0.0,
2022-08-02 00:00:00+00:00,USDJPY,1.9531645099755826,
2022-08-02 00:00:00+00:00,XAUUSD,-1.9531645099755826,
2022-08-03 00:00:00+00:00,EURUSD,-1.2603365902466006,
2022-08-03 00:00:00+00:00,GBPUSD,-1.1270429809088298,
2022-08-03 00:00:00+00:00,US500,0.0,
2022-08-03 00:00:00+00:00,USDJPY,2.0478265171460426,
2022-08-03 00:00:00+00:00,XAUUSD,-2.0478265171460426,
2022-08-04 00:00:00+00:00,EURUSD,-1.9308530685188987,
2022-08-04 00:00:00+00:00,GBPUSD,-1.1757727625050034,
2022-08-04 00:00:00+00:00,US500,0.0,
2022-08-04 00:00:00+00:00,USDJPY,1.9308530685188987,
2022-08-04 00:00:00+00:00,XAUUSD,-1.9308530685188987,
2022-08-05 00:00:00+00:00,EURUSD,-1.5561168602877986,
2022-08-05 00:00:00+00:00,GBPUSD,-0.008318467224935247,
2022-08-05 00:00:00+00:00,US500,0.0,
2022-08-05 00:00:00+00:00,USDJPY,1.7302306436947164,
2022-08-05 00:00:00+00:00,XAUUSD,-1.7302306436947164,
2022-08-07 00:00:00+00:00,EURUSD,-1.7658480638292933,
2022-08-07 00:00:00+00:00,GBPUSD,0.07665671910679814,
2022-08-07 00:00:00+00:00,US500,0.0,
2022-08-07 00:00:00+00:00,USDJPY,1.7658480638292933,
2022-08-07 00:00:00+00:00,XAUUSD,-1.7658480638292933,
2022-08-08 00:00:00+00:00,EURUSD,-1.299378572136288,
2022-08-08 00:00:00+00:00,GBPUSD,-0.11734645577846768,
2022-08-08 00:00:00+00:00,US500,0.0,
2022-08-08 00:00:00+00:00,USDJPY,1.7601968366770155,
2022-08-08 00:00:00+00:00,XAUUSD,-1.267882183662347,
2022-08-09 00:00:00+00:00,EURUSD,-1.4033838168000694,
2022-08-09 00:00:00+00:00,GBPUSD,-0.11721805604573116,
2022-08-09 00:00:00+00:00,US500,0.0,
2022-08-09 00:00:00+00:00,USDJPY,1.5590447192459074,
2022-08-09 00:00:00+00:00,XAUUSD,-0.8953814113125856,
2022-08-10 00:00:00+00:00,EURUSD,-1.7273563231006193,
2022-08-10 00:00:00+00:00,GBPUSD,-0.5747547057909975,
2022-08-10 00:00:00+00:00,US500,0.0,
2022-08-10 00:00:00+00:00,USDJPY,1.7273563231006193,
2022-08-10 00:00:00+00:00,XAUUSD,-0.4363454592200762,
2022-08-11 00:00:00+00:00,EURUSD,-1.7333190490245647,
2022-08-11 00:00:00+00:00,GBPUSD,-0.46655926032299616,
2022-08-11 00:00:00+00:00,US500,0.0,
2022-08-11 00:00:00+00:00,USDJPY,1.7333190490245647,
2022-08-11 00:00:00+00:00,XAUUSD,-0.3751040826045432,
2022-08-12 00:00:00+00:00,EURUSD,-1.0102753845501085,
2022-08-12 00:00:00+00:00,GBPUSD,-0.11758132438510886,
2022-08-12 00:00:00+00:00,US500,0.0,
2022-08-12 00:00:00+00:00,USDJPY,1.528557217006416,
2022-08-12 00:00:00+00:00,XAUUSD,-0.3236794677805869,
2022-08-14 00:00:00+00:00,EURUSD,-1.8102815576403444,
2022-08-14 00:00:00+00:00,GBPUSD,-0.17937519192473025,
2022-08-14 00:00:00+00:00,US500,0.0,
2022-08-14 00:00:00+00:00,USDJPY,1.6621452848709104,
2022-08-14 00:00:00+00:00,XAUUSD,-0.732293600216573,
2022-08-15 00:00:00+00:00,EURUSD,-1.2043352711234279,
2022-08-15 00:00:00+00:00,GBPUSD,0.5974934374341133,
2022-08-15 00:00:00+00:00,US500,0.0,
2022-08-15 00:00:00+00:00,USDJPY,1.7924803123023396,
2022-08-15 00:00:00+00:00,XAUUSD,-0.1442178591650422,
2022-08-16 00:00:00+00:00,EURUSD,-0.8332772417771724,
2022-08-16 00:00:00+00:00,GBPUSD,0.5951980298408376,
2022-08-16 00:00:00+00:00,US500,0.0,
2022-08-16 00:00:00+00:00,USDJPY,1.5475148775861778,
2022-08-16 00:00:00+00:00,XAUUSD,-0.11903960596816747,
2022-08-17 00:00:00+00:00,EURUSD,-1.305311629603613,
2022-08-17 00:00:00+00:00,GBPUSD,0.2876257748872519,
2022-08-17 00:00:00+00:00,US500,0.0,
2022-08-17 00:00:00+00:00,USDJPY,1.783530456434911,
2022-08-17 00:00:00+00:00,XAUUSD,-0.11890203042899404,
2022-08-18 00:00:00+00:00,EURUSD,-0.8384433221706151,
2022-08-18 00:00:00+00:00,GBPUSD,-0.11977761745294499,
2022-08-18 00:00:00+00:00,US500,0.0,
2022-08-18 00:00:00+00:00,USDJPY,1.5571090268882855,
2022-08-18 00:00:00+00:00,XAUUSD,0.5988880872647252,
2022-08-19 00:00:00+00:00,EURUSD,-0.8984455985273366,
2022-08-19 00:00:00+00:00,GBPUSD,-0.12834937121819093,
2022-08-19 00:00:00+00:00,US500,0.0,
2022-08-19 00:00:00+00:00,USDJPY,1.6685418258364826,
2022-08-19 00:00:00+00:00,XAUUSD,0.6417468560909548,
2022-08-21 00:00:00+00:00,EURUSD,-0.929698147002175,
2022-08-21 00:00:00+00:00,GBPUSD,0.6640701050015536,
2022-08-21 00:00:00+00:00,US500,0.0,
2022-08-21 00:00:00+00:00,USDJPY,1.7265822730040394,
2022-08-21 00:00:00+00:00,XAUUSD,-0.13281402100031067,
2022-08-22 00:00:00+00:00,EURUSD,-0.9574456451030323,
2022-08-22 00:00:00+00:00,GBPUSD,0.6838897465021659,
2022-08-22 00:00:00+00:00,US500,0.0,
2022-08-22 00:00:00+00:00,USDJPY,1.7781133409056316,
2022-08-22 00:00:00+00:00,XAUUSD,-0.13677794930043316,
2022-08-23 00:00:00+00:00,EURUSD,-0.13628303727476118,
2022-08-23 00:00:00+00:00,GBPUSD,0.6814151863738062,
2022-08-23 00:00:00+00:00,US500,0.0,
2022-08-23 00:00:00+00:00,USDJPY,1.771679484571896,
2022-08-23 00:00:00+00:00,XAUUSD,-0.9539812609233285,
2022-08-24 00:00:00+00:00,EURUSD,-0.14970136598824973,
2022-08-24 00:00:00+00:00,GBPUSD,0.7485068299412488,
2022-08-24 00:00:00+00:00,US500,0.0,
2022-08-24 00:00:00+00:00,USDJPY,1.9461177578472473,
2022-08-24 00:00:00+00:00,XAUUSD,-1.0479095619177483,
2022-08-25 00:00:00+00:00,EURUSD,-1.2376367250063987,
2022-08-25 00:00:00+00:00,GBPUSD,0.8840262321474277,
2022-08-25 00:00:00+00:00,US500,0.0,
2022-08-25 00:00:00+00:00,USDJPY,2.298468203583312,
2022-08-25 00:00:00+00:00,XAUUSD,-0.17680524642948547,
2022-08-26 00:00:00+00:00,EURUSD,-1.565285816631003,
2022-08-26 00:00:00+00:00,GBPUSD,0.8813499497602192,
2022-08-26 00:00:00+00:00,US500,0.0,
2022-08-26 00:00:00+00:00,USDJPY,2.29150986937657,
2022-08-26 00:00:00+00:00,XAUUSD,-0.17626998995204377,
2022-08-28 00:00:00+00:00,EURUSD,-0.3349669577884016,
2022-08-28 00:00:00+00:00,GBPUSD,1.0,
2022-08-28 00:00:00+00:00,US500,0.0,
2022-08-28 00:00:00+00:00,USDJPY,2.6000000000000005,
2022-08-28 00:00:00+00:00,XAUUSD,-1.5499516492101684,
2022-08-29 00:00:00+00:00,EURUSD,-0.02232854236233217,
2022-08-29 00:00:00+00:00,GBPUSD,-0.3164336024677038,
2022-08-29 00:00:00+00:00,US500,0.0,
2022-08-29 00:00:00+00:00,USDJPY,2.6153793338463185,
2022-08-29 00:00:00+00:00,XAUUSD,-2.3441055739017433,
2022-08-30 00:00:00+00:00,EURUSD,-1.3086383726793542,
2022-08-30 00:00:00+00:00,GBPUSD,-1.0085120141643216,
2022-08-30 00:00:00+00:00,US500,0.0,
2022-08-30 00:00:00+00:00,USDJPY,3.0,
2022-08-30 00:00:00+00:00,XAUUSD,-2.023780662436037,
2022-08-31 00:00:00+00:00,EURUSD,-2.1855628673615755,
2022-08-31 00:00:00+00:00,GBPUSD,-1.6265712296946653,
2022-08-31 00:00:00+00:00,US500,0.0,
2022-08-31 00:00:00+00:00,USDJPY,3.0,
2022-08-31 00:00:00+00:00,XAUUSD,-2.017332502549567,
2022-09-01 00:00:00+00:00,EURUSD,-1.1300006898677717,
2022-09-01 00:00:00+00:00,GBPUSD,-1.156656940692905,
2022-09-01 00:00:00+00:00,US500,0.0,
2022-09-01 00:00:00+00:00,USDJPY,3.0,
2022-09-01 00:00:00+00:00,XAUUSD,-2.7667527576982818,
2022-09-02 00:00:00+00:00,EURUSD,-2.4588947742393215,
2022-09-02 00:00:00+00:00,GBPUSD,-1.3777217918717422,
2022-09-02 00:00:00+00:00,US500,0.0,
2022-09-02 00:00:00+00:00,USDJPY,3.0,
2022-09-02 00:00:00+00:00,XAUUSD,-3.0,
2022-09-04 00:00:00+00:00,EURUSD,-1.6810770894139009,
2022-09-04 00:00:00+00:00,GBPUSD,-0.2857799314307554,
2022-09-04 00:00:00+00:00,US500,0.0,
2022-09-04 00:00:00+00:00,USDJPY,2.986216995731655,
2022-09-04 00:00:00+00:00,XAUUSD,-2.4080879209172883,
2022-09-05 00:00:00+00:00,EURUSD,-2.274052409017799,
2022-09-05 00:00:00+00:00,GBPUSD,-2.2493599385961787,
2022-09-05 00:00:00+00:00,US500,0.0,
2022-09-05 00:00:00+00:00,USDJPY,3.0,
2022-09-05 00:00:00+00:00,XAUUSD,-2.6264808358631226,
2022-09-06 00:00:00+00:00,EURUSD,-2.869888621221925,
2022-09-06 00:00:00+00:00,GBPUSD,0.07635356292589557,
2022-09-06 00:00:00+00:00,US500,0.0,
2022-09-06 00:00:00+00:00,USDJPY,2.6000000000000005,
2022-09-06 00:00:00+00:00,XAUUSD,-1.4,
2022-09-07 00:00:00+00:00,EURUSD,-2.5999999999999996,
2022-09-07 00:00:00+00:00,GBPUSD,-2.8410121859417132,
2022-09-07 00:00:00+00:00,US500,0.0,
2022-09-07 00:00:00+00:00,USDJPY,2.6000000000000005,
2022-09-07 00:00:00+00:00,XAUUSD,-3.0,
2022-09-08 00:00:00+00:00,EURUSD,-2.5999999999999996,
2022-09-08 00:00:00+00:00,GBPUSD,-3.0,
2022-09-08 00:00:00+00:00,US500,0.0,
2022-09-08 00:00:00+00:00,USDJPY,2.6000000000000005,
2022-09-08 00:00:00+00:00,XAUUSD,-3.0,
2022-09-09 00:00:00+00:00,EURUSD,-3.0,
2022-09-09 00:00:00+00:00,GBPUSD,-3.0,
2022-09-09 00:00:00+00:00,US500,0.0,
2022-09-09 00:00:00+00:00,USDJPY,3.0,
2022-09-09 00:00:00+00:00,XAUUSD,-3.0,
2022-09-11 00:00:00+00:00,EURUSD,-2.5999999999999996,
2022-09-11 00:00:00+00:00,GBPUSD,-3.0,
2022-09-11 00:00:00+00:00,US500,0.0,
2022-09-11 00:00:00+00:00,USDJPY,3.0,
2022-09-11 00:00:00+00:00,XAUUSD,-3.0,
2022-09-12 00:00:00+00:00,EURUSD,-3.0,
2022-09-12 00:00:00+00:00,GBPUSD,-3.0,
2022-09-12 00:00:00+00:00,US500,0.0,
2022-09-12 00:00:00+00:00,USDJPY,3.0,
2022-09-12 00:00:00+00:00,XAUUSD,-3.0,
2022-09-13 00:00:00+00:00,EURUSD,-1.6786222441944294,
2022-09-13 00:00:00+00:00,GBPUSD,-2.2122365304427865,
2022-09-13 00:00:00+00:00,US500,0.0,
2022-09-13 00:00:00+00:00,USDJPY,2.2122365304427865,
2022-09-13 00:00:00+00:00,XAUUSD,-2.2122365304427865,
2022-09-14 00:00:00+00:00,EURUSD,-1.5893611541722743,
2022-09-14 00:00:00+00:00,GBPUSD,-2.1667248887228756,
2022-09-14 00:00:00+00:00,US500,-2.1667248887228756,
2022-09-14 00:00:00+00:00,USDJPY,2.1667248887228756,
2022-09-14 00:00:00+00:00,XAUUSD,-2.1667248887228756,
2022-09-15 00:00:00+00:00,EURUSD,-1.564604079598316,
2022-09-15 00:00:00+00:00,GBPUSD,-1.8053123995365186,
2022-09-15 00:00:00+00:00,US500,-1.8053123995365186,
2022-09-15 00:00:00+00:00,USDJPY,1.8053123995365186,
2022-09-15 00:00:00+00:00,XAUUSD,-0.8986362468960007,
2022-09-16 00:00:00+00:00,EURUSD,-1.4472585964870754,
2022-09-16 00:00:00+00:00,GBPUSD,-1.5486238383206998,
2022-09-16 00:00:00+00:00,US500,-1.7866396387267172,
2022-09-16 00:00:00+00:00,USDJPY,1.7866396387267172,
2022-09-16 00:00:00+00:00,XAUUSD,-1.1891515535759565,
2022-09-18 00:00:00+00:00,EURUSD,-1.5479466483433229,
2022-09-18 00:00:00+00:00,GBPUSD,-1.786092286549988,
2022-09-18 00:00:00+00:00,US500,0.0,
2022-09-18 00:00:00+00:00,USDJPY,1.786092286549988,
2022-09-18 00:00:00+00:00,XAUUSD,-1.2934138036850664,
2022-09-19 00:00:00+00:00,EURUSD,-0.886148422715346,
2022-09-19 00:00:00+00:00,GBPUSD,-1.7835290889209987,
2022-09-19 00:00:00+00:00,US500,-1.7835290889209987,
2022-09-19 00:00:00+00:00,USDJPY,1.7835290889209987,
2022-09-19 00:00:00+00:00,XAUUSD,-0.3752096616146166,
2022-09-20 00:00:00+00:00,EURUSD,0.22328601311690105,
2022-09-20 00:00:00+00:00,GBPUSD,-1.7573759237067812,
2022-09-20 00:00:00+00:00,US500,-1.7573759237067812,
2022-09-20 00:00:00+00:00,USDJPY,1.7573759237067812,
2022-09-20 00:00:00+00:00,XAUUSD,-0.1848613583563248,
2022-09-21 00:00:00+00:00,EURUSD,0.555623164112884,
2022-09-21 00:00:00+00:00,GBPUSD,-0.7778724297580376,
2022-09-21 00:00:00+00:00,US500,-1.1415722359226346,
2022-09-21 00:00:00+00:00,USDJPY,1.666869492338652,
2022-09-21 00:00:00+00:00,XAUUSD,-0.11112463282257677,
2022-09-22 00:00:00+00:00,EURUSD,0.5477447834008837,
2022-09-22 00:00:00+00:00,GBPUSD,-0.7668426967612372,
2022-09-22 00:00:00+00:00,US500,-0.8763916534414138,
2022-09-22 00:00:00+00:00,USDJPY,1.643234350202651,
2022-09-22 00:00:00+00:00,XAUUSD,-0.24699136801162425,
2022-09-23 00:00:00+00:00,EURUSD,0.5340885049589267,
2022-09-23 00:00:00+00:00,GBPUSD,-0.7477239069424974,
2022-09-23 00:00:00+00:00,US500,-0.8545416079342826,
2022-09-23 00:00:00+00:00,USDJPY,1.60226551487678,
2022-09-23 00:00:00+00:00,XAUUSD,-0.10681770099178531,
2022-09-25 00:00:00+00:00,EURUSD,0.5347694350491574,
2022-09-25 00:00:00+00:00,GBPUSD,-0.7486772090688203,
2022-09-25 00:00:00+00:00,US500,0.0,
2022-09-25 00:00:00+00:00,USDJPY,1.604308305147472,
2022-09-25 00:00:00+00:00,XAUUSD,-0.10695388700983144,
2022-09-26 00:00:00+00:00,EURUSD,0.5409963401160439,
2022-09-26 00:00:00+00:00,GBPUSD,-0.7573948761624614,
2022-09-26 00:00:00+00:00,US500,-0.86559414418567,
2022-09-26 00:00:00+00:00,USDJPY,1.6229890203481314,
2022-09-26 00:00:00+00:00,XAUUSD,-0.10819926802320874,
2022-09-27 00:00:00+00:00,EURUSD,-0.1081891084666381,
2022-09-27 00:00:00+00:00,GBPUSD,-0.7573237592664669,
2022-09-27 00:00:00+00:00,US500,-0.8655128677331049,
2022-09-27 00:00:00+00:00,USDJPY,1.6228366269995718,
2022-09-27 00:00:00+00:00,XAUUSD,-0.4224955676086154,
2022-09-28 00:00:00+00:00,EURUSD,-0.10286660075454829,
2022-09-28 00:00:00+00:00,GBPUSD,-0.7200662052818382,
2022-09-28 00:00:00+00:00,US500,-0.8229328060363864,
2022-09-28 00:00:00+00:00,USDJPY,1.5429990113182246,
2022-09-28 00:00:00+00:00,XAUUSD,-0.9952075902012576,
2022-09-29 00:00:00+00:00,EURUSD,-0.5364373698286526,
2022-09-29 00:00:00+00:00,GBPUSD,-1.5605935249518665,
2022-09-29 00:00:00+00:00,US500,-0.8323165466409955,
2022-09-29 00:00:00+00:00,USDJPY,1.5605935249518665,
2022-09-29 00:00:00+00:00,XAUUSD,-1.109015758510725,
2022-09-30 00:00:00+00:00,EURUSD,-0.4303402136887066,
2022-09-30 00:00:00+00:00,GBPUSD,-1.5759709393278296,
2022-09-30 00:00:00+00:00,US500,-1.005434506014455,
2022-09-30 00:00:00+00:00,USDJPY,1.5759709393278296,
2022-09-30 00:00:00+00:00,XAUUSD,-1.017000526714654,
2022-10-02 00:00:00+00:00,EURUSD,-0.735122805823835,
2022-10-02 00:00:00+00:00,GBPUSD,-1.5757776643578356,
2022-10-02 00:00:00+00:00,US500,0.0,
2022-10-02 00:00:00+00:00,USDJPY,1.5757776643578356,
2022-10-02 00:00:00+00:00,XAUUSD,-1.3656739757767908,
2022-10-03 00:00:00+00:00,EURUSD,-1.468505194407525,
2022-10-03 00:00:00+00:00,GBPUSD,-1.468505194407525,
2022-10-03 00:00:00+00:00,US500,-1.3928362059365118,
2022-10-03 00:00:00+00:00,USDJPY,1.468505194407525,
2022-10-03 00:00:00+00:00,XAUUSD,-1.2727045018198548,
2022-10-04 00:00:00+00:00,EURUSD,-1.394955935100229,
2022-10-04 00:00:00+00:00,GBPUSD,-1.394955935100229,
2022-10-04 00:00:00+00:00,US500,-1.3439993002857744,
2022-10-04 00:00:00+00:00,USDJPY,1.394955935100229,
2022-10-04 00:00:00+00:00,XAUUSD,-1.2089618104201982,
2022-10-05 00:00:00+00:00,EURUSD,-1.398389970017162,
2022-10-05 00:00:00+00:00,GBPUSD,-1.398389970017162,
2022-10-05 00:00:00+00:00,US500,-1.398389970017162,
2022-10-05 00:00:00+00:00,USDJPY,1.398389970017162,
2022-10-05 00:00:00+00:00,XAUUSD,-1.2119379740148737,
2022-10-06 00:00:00+00:00,EURUSD,-1.3518884034410918,
2022-10-06 00:00:00+00:00,GBPUSD,-1.3518884034410918,
2022-10-06 00:00:00+00:00,US500,-1.3518884034410918,
2022-10-06 00:00:00+00:00,USDJPY,1.3518884034410918,
2022-10-06 00:00:00+00:00,XAUUSD,-1.1716366163156129,
2022-10-07 00:00:00+00:00,EURUSD,-1.3160047754266033,
2022-10-07 00:00:00+00:00,GBPUSD,-1.3160047754266033,
2022-10-07 00:00:00+00:00,US500,-1.3160047754266033,
2022-10-07 00:00:00+00:00,USDJPY,1.3160047754266033,
2022-10-07 00:00:00+00:00,XAUUSD,-1.1405374720363894,
2022-10-09 00:00:00+00:00,EURUSD,-1.4124011878960256,
2022-10-09 00:00:00+00:00,GBPUSD,-1.4124011878960256,
2022-10-09 00:00:00+00:00,US500,0.0,
2022-10-09 00:00:00+00:00,USDJPY,1.4124011878960256,
2022-10-09 00:00:00+00:00,XAUUSD,-1.2240810295098887,
2022-10-10 00:00:00+00:00,EURUSD,-0.8000607670481164,
2022-10-10 00:00:00+00:00,GBPUSD,-1.418162260776763,
2022-10-10 00:00:00+00:00,US500,-1.418162260776763,
2022-10-10 00:00:00+00:00,USDJPY,1.418162260776763,
2022-10-10 00:00:00+00:00,XAUUSD,-1.2702518192647005,
2022-10-11 00:00:00+00:00,EURUSD,-0.29327037634765935,
2022-10-11 00:00:00+00:00,GBPUSD,-1.4271277033860852,
2022-10-11 00:00:00+00:00,US500,-1.4271277033860852,
2022-10-11 00:00:00+00:00,USDJPY,1.4271277033860852,
2022-10-11 00:00:00+00:00,XAUUSD,-1.0105111927509793,
2022-10-12 00:00:00+00:00,EURUSD,-0.4601051466785511,
2022-10-12 00:00:00+00:00,GBPUSD,-1.4299345101790548,
2022-10-12 00:00:00+00:00,US500,-1.2196021863771334,
2022-10-12 00:00:00+00:00,USDJPY,1.2392765754885144,
2022-10-12 00:00:00+00:00,XAUUSD,-1.2268275888114748,
2022-10-13 00:00:00+00:00,EURUSD,-0.7131581079766293,
2022-10-13 00:00:00+00:00,GBPUSD,-1.328370504490182,
2022-10-13 00:00:00+00:00,US500,-1.328370504490182,
2022-10-13 00:00:00+00:00,USDJPY,1.1512544372248246,
2022-10-13 00:00:00+00:00,XAUUSD,-0.8589048264227932,
2022-10-14 00:00:00+00:00,EURUSD,-0.3454199230836404,
2022-10-14 00:00:00+00:00,GBPUSD,-1.3815370409896102,
2022-10-14 00:00:00+00:00,US500,-1.3815370409896102,
2022-10-14 00:00:00+00:00,USDJPY,1.1973321021909957,
2022-10-14 00:00:00+00:00,XAUUSD,-0.09210246939930733,
2022-10-16 00:00:00+00:00,EURUSD,0.18372695668259784,
2022-10-16 00:00:00+00:00,GBPUSD,-1.3304938017787946,
2022-10-16 00:00:00+00:00,US500,0.0,
2022-10-16 00:00:00+00:00,USDJPY,1.1973696831085876,
2022-10-16 00:00:00+00:00,XAUUSD,-0.09210536023912208,
2022-10-17 00:00:00+00:00,EURUSD,-0.49549933146014313,
2022-10-17 00:00:00+00:00,GBPUSD,-1.138151248584495,
2022-10-17 00:00:00+00:00,US500,-1.4171576160875041,
2022-10-17 00:00:00+00:00,USDJPY,1.2282032672758372,
2022-10-17 00:00:00+00:00,XAUUSD,-0.6613402208408352,
2022-10-18 00:00:00+00:00,EURUSD,-1.0871379216915953,
2022-10-18 00:00:00+00:00,GBPUSD,-1.416358152363649,
2022-10-18 00:00:00+00:00,US500,-1.416358152363649,
2022-10-18 00:00:00+00:00,USDJPY,1.2275103987151628,
2022-10-18 00:00:00+00:00,XAUUSD,-0.6609671377697028,
2022-10-19 00:00:00+00:00,EURUSD,-0.7366419658007659,
2022-10-19 00:00:00+00:00,GBPUSD,-1.1608338823977014,
2022-10-19 00:00:00+00:00,US500,-1.309444895660695,
2022-10-19 00:00:00+00:00,USDJPY,1.1348522429059358,
2022-10-19 00:00:00+00:00,XAUUSD,-0.6110742846416577,
2022-10-20 00:00:00+00:00,EURUSD,-0.7588309477920192,
2022-10-20 00:00:00+00:00,GBPUSD,-1.1802111214257245,
2022-10-20 00:00:00+00:00,US500,-1.2995359321377173,
2022-10-20 00:00:00+00:00,USDJPY,1.1262644745193553,
2022-10-20 00:00:00+00:00,XAUUSD,-0.606450101664268,
2022-10-21 00:00:00+00:00,EURUSD,-1.0432836109837802,
2022-10-21 00:00:00+00:00,GBPUSD,-1.2037887819043618,
2022-10-21 00:00:00+00:00,US500,-1.2037887819043618,
2022-10-21 00:00:00+00:00,USDJPY,1.2037887819043618,
2022-10-21 00:00:00+00:00,XAUUSD,-1.1325905717148768,
2022-10-23 00:00:00+00:00,EURUSD,-1.2068898632827938,
2022-10-23 00:00:00+00:00,GBPUSD,-1.2068898632827938,
2022-10-23 00:00:00+00:00,US500,0.0,
2022-10-23 00:00:00+00:00,USDJPY,1.2068898632827938,
2022-10-23 00:00:00+00:00,XAUUSD,-1.2068898632827938,
2022-10-24 00:00:00+00:00,EURUSD,-1.2061962382709912,
2022-10-24 00:00:00+00:00,GBPUSD,-1.2061962382709912,
2022-10-24 00:00:00+00:00,US500,-1.2061962382709912,
2022-10-24 00:00:00+00:00,USDJPY,1.2061962382709912,
2022-10-24 00:00:00+00:00,XAUUSD,-1.2061962382709912,
2022-10-25 00:00:00+00:00,EURUSD,-1.064708380882511,
2022-10-25 00:00:00+00:00,GBPUSD,-1.064708380882511,
2022-10-25 00:00:00+00:00,US500,-1.064708380882511,
2022-10-25 00:00:00+00:00,USDJPY,1.064708380882511,
2022-10-25 00:00:00+00:00,XAUUSD,-1.064708380882511,
2022-10-26 00:00:00+00:00,EURUSD,-1.0111675924543124,
2022-10-26 00:00:00+00:00,GBPUSD,-1.0111675924543124,
2022-10-26 00:00:00+00:00,US500,-1.0111675924543124,
2022-10-26 00:00:00+00:00,USDJPY,1.0111675924543124,
2022-10-26 00:00:00+00:00,XAUUSD,-1.0111675924543124,
2022-10-27 00:00:00+00:00,EURUSD,-1.0328129213113155,
2022-10-27 00:00:00+00:00,GBPUSD,-1.0328129213113155,
2022-10-27 00:00:00+00:00,US500,-1.0328129213113155,
2022-10-27 00:00:00+00:00,USDJPY,1.0328129213113155,
2022-10-27 00:00:00+00:00,XAUUSD,-1.0328129213113155,
2022-10-28 00:00:00+00:00,EURUSD,-0.8691362407283155,
2022-10-28 00:00:00+00:00,GBPUSD,-1.0466857843517194,
2022-10-28 00:00:00+00:00,US500,-1.0466857843517194,
2022-10-28 00:00:00+00:00,USDJPY,1.0466857843517194,
2022-10-28 00:00:00+00:00,XAUUSD,-1.0466857843517194,
2022-10-30 00:00:00+00:00,EURUSD,-0.8306536353901988,
2022-10-30 00:00:00+00:00,GBPUSD,-1.155556331433571,
2022-10-30 00:00:00+00:00,US500,0.0,
2022-10-30 00:00:00+00:00,USDJPY,1.155556331433571,
2022-10-30 00:00:00+00:00,XAUUSD,-1.155556331433571,
2022-10-31 00:00:00+00:00,EURUSD,-1.0064655676177314,
2022-10-31 00:00:00+00:00,GBPUSD,-1.197252848825485,
2022-10-31 00:00:00+00:00,US500,-1.197252848825485,
2022-10-31 00:00:00+00:00,USDJPY,1.197252848825485,
2022-10-31 00:00:00+00:00,XAUUSD,-1.197252848825485,
2022-11-01 00:00:00+00:00,EURUSD,-0.8803018851720648,
2022-11-01 00:00:00+00:00,GBPUSD,-1.155908407340516,
2022-11-01 00:00:00+00:00,US500,-1.155908407340516,
2022-11-01 00:00:00+00:00,USDJPY,1.155908407340516,
2022-11-01 00:00:00+00:00,XAUUSD,-1.155908407340516,
2022-11-02 00:00:00+00:00,EURUSD,-0.17614693823596175,
2022-11-02 00:00:00+00:00,GBPUSD,-0.8433658129310374,
2022-11-02 00:00:00+00:00,US500,-1.0297522094423461,
2022-11-02 00:00:00+00:00,USDJPY,1.0297522094423461,
2022-11-02 00:00:00+00:00,XAUUSD,-1.0297522094423461,
2022-11-03 00:00:00+00:00,EURUSD,0.0,
2022-11-03 00:00:00+00:00,GBPUSD,-0.3874077810160718,
2022-11-03 00:00:00+00:00,US500,-0.9685194525401795,
2022-11-03 00:00:00+00:00,USDJPY,0.9685194525401795,
2022-11-03 00:00:00+00:00,XAUUSD,-0.9685194525401795,
2022-11-04 00:00:00+00:00,EURUSD,-0.5696710952733852,
2022-11-04 00:00:00+00:00,GBPUSD,-0.9210066444470889,
2022-11-04 00:00:00+00:00,US500,-0.9210066444470889,
2022-11-04 00:00:00+00:00,USDJPY,0.9210066444470889,
2022-11-04 00:00:00+00:00,XAUUSD,-0.9210066444470889,
2022-11-06 00:00:00+00:00,EURUSD,-0.1658958019848488,
2022-11-06 00:00:00+00:00,GBPUSD,-0.37584123316091766,
2022-11-06 00:00:00+00:00,US500,0.0,
2022-11-06 00:00:00+00:00,USDJPY,0.9396030829022941,
2022-11-06 00:00:00+00:00,XAUUSD,-0.9396030829022941,
2022-11-07 00:00:00+00:00,EURUSD,0.6288869347035885,
2022-11-07 00:00:00+00:00,GBPUSD,-0.3773321608221531,
2022-11-07 00:00:00+00:00,US500,-0.9433304020553827,
2022-11-07 00:00:00+00:00,USDJPY,0.9433304020553827,
2022-11-07 00:00:00+00:00,XAUUSD,-0.9433304020553827,
2022-11-08 00:00:00+00:00,EURUSD,-0.05966287644680777,
2022-11-08 00:00:00+00:00,GBPUSD,-0.7827810836221162,
2022-11-08 00:00:00+00:00,US500,-0.6950066254470391,
2022-11-08 00:00:00+00:00,USDJPY,0.942126972604551,
2022-11-08 00:00:00+00:00,XAUUSD,-0.942126972604551,
2022-11-09 00:00:00+00:00,EURUSD,0.24708149610038474,
2022-11-09 00:00:00+00:00,GBPUSD,-0.746048930031597,
2022-11-09 00:00:00+00:00,US500,-0.4973659533543981,
2022-11-09 00:00:00+00:00,USDJPY,0.9325611625394964,
2022-11-09 00:00:00+00:00,XAUUSD,-0.9325611625394964,
2022-11-10 00:00:00+00:00,EURUSD,-0.41329635703364376,
2022-11-10 00:00:00+00:00,GBPUSD,-0.7749306694380822,
2022-11-10 00:00:00+00:00,US500,-0.7749306694380822,
2022-11-10 00:00:00+00:00,USDJPY,0.7749306694380822,
2022-11-10 00:00:00+00:00,XAUUSD,-0.7232686248088768,
2022-11-11 00:00:00+00:00,EURUSD,-0.10513580017791127,
2022-11-11 00:00:00+00:00,GBPUSD,-0.7359506012453794,
2022-11-11 00:00:00+00:00,US500,-0.788518501334335,
2022-11-11 00:00:00+00:00,USDJPY,0.788518501334335,
2022-11-11 00:00:00+00:00,XAUUSD,-0.42054320071164525,
2022-11-13 00:00:00+00:00,EURUSD,-0.4234680737983864,
2022-11-13 00:00:00+00:00,GBPUSD,-0.6241370182744291,
2022-11-13 00:00:00+00:00,US500,0.0,
2022-11-13 00:00:00+00:00,USDJPY,0.7940026383719747,
2022-11-13 00:00:00+00:00,XAUUSD,-0.10586701844959656,
2022-11-14 00:00:00+00:00,EURUSD,-0.4316236610316675,
2022-11-14 00:00:00+00:00,GBPUSD,-0.7553414068054183,
2022-11-14 00:00:00+00:00,US500,-0.4316236610316676,
2022-11-14 00:00:00+00:00,USDJPY,0.8092943644343767,
2022-11-14 00:00:00+00:00,XAUUSD,-0.10790591525791683,
2022-11-15 00:00:00+00:00,EURUSD,-0.10726881978814697,
2022-11-15 00:00:00+00:00,GBPUSD,-0.7508817385170292,
2022-11-15 00:00:00+00:00,US500,-0.42907527915258814,
2022-11-15 00:00:00+00:00,USDJPY,0.42907527915258803,
2022-11-15 00:00:00+00:00,XAUUSD,-0.42907527915258803,
2022-11-16 00:00:00+00:00,EURUSD,-0.10811459561305624,
2022-11-16 00:00:00+00:00,GBPUSD,-0.7568021692913942,
2022-11-16 00:00:00+00:00,US500,-0.8108594670979223,
2022-11-16 00:00:00+00:00,USDJPY,0.4324583824522252,
2022-11-16 00:00:00+00:00,XAUUSD,-0.3254830279772055,
2022-11-17 00:00:00+00:00,EURUSD,-0.11112272084414679,
2022-11-17 00:00:00+00:00,GBPUSD,-0.7778590459090281,
2022-11-17 00:00:00+00:00,US500,-0.8334204063311015,
2022-11-17 00:00:00+00:00,USDJPY,0.36413329587830867,
2022-11-17 00:00:00+00:00,XAUUSD,-0.25880764733570166,
2022-11-18 00:00:00+00:00,EURUSD,0.1703652591527557,
2022-11-18 00:00:00+00:00,GBPUSD,-0.27526413309522113,
2022-11-18 00:00:00+00:00,US500,-0.8717827468594047,
2022-11-18 00:00:00+00:00,USDJPY,-0.020118790880450294,
2022-11-18 00:00:00+00:00,XAUUSD,-0.4984924447385656,
2022-11-20 00:00:00+00:00,EURUSD,0.3105380313772664,
2022-11-20 00:00:00+00:00,GBPUSD,-0.1883994745595304,
2022-11-20 00:00:00+00:00,US500,0.0,
2022-11-20 00:00:00+00:00,USDJPY,0.12967603619017218,
2022-11-20 00:00:00+00:00,XAUUSD,-0.16134860214351457,
2022-11-21 00:00:00+00:00,EURUSD,0.027036051442179722,
2022-11-21 00:00:00+00:00,GBPUSD,-0.07455558091075443,
2022-11-21 00:00:00+00:00,US500,-0.8739725385981386,
2022-11-21 00:00:00+00:00,USDJPY,-0.03199722063878974,
2022-11-21 00:00:00+00:00,XAUUSD,-0.06231830883314878,
2022-11-22 00:00:00+00:00,EURUSD,0.642247381003373,
2022-11-22 00:00:00+00:00,GBPUSD,0.10064510804038808,
2022-11-22 00:00:00+00:00,US500,-0.8749426532869637,
2022-11-22 00:00:00+00:00,USDJPY,-0.5535059101981699,
2022-11-22 00:00:00+00:00,XAUUSD,0.23331804087652366,
2022-11-23 00:00:00+00:00,EURUSD,0.4225167739169221,
2022-11-23 00:00:00+00:00,GBPUSD,0.36795654548959156,
2022-11-23 00:00:00+00:00,US500,-0.8904894078197839,
2022-11-23 00:00:00+00:00,USDJPY,-0.5936596052131894,
2022-11-23 00:00:00+00:00,XAUUSD,0.2374638420852757,
2022-11-24 00:00:00+00:00,EURUSD,0.3837100260025441,
2022-11-24 00:00:00+00:00,GBPUSD,0.23682600814417418,
2022-11-24 00:00:00+00:00,US500,0.0,
2022-11-24 00:00:00+00:00,USDJPY,-0.46570139205736494,
2022-11-24 00:00:00+00:00,XAUUSD,0.24102573967288213,
2022-11-25 00:00:00+00:00,EURUSD,0.4748788173082717,
2022-11-25 00:00:00+00:00,GBPUSD,0.24243489861549325,
2022-11-25 00:00:00+00:00,US500,-0.3303204077060237,
2022-11-25 00:00:00+00:00,USDJPY,-0.5368704479790751,
2022-11-25 00:00:00+00:00,XAUUSD,0.2683663168817763,
2022-11-27 00:00:00+00:00,EURUSD,0.7408036684213274,
2022-11-27 00:00:00+00:00,GBPUSD,0.7260420732254165,
2022-11-27 00:00:00+00:00,US500,0.0,
2022-11-27 00:00:00+00:00,USDJPY,-0.7408036684213274,
2022-11-27 00:00:00+00:00,XAUUSD,0.29632146736853093,
2022-11-28 00:00:00+00:00,EURUSD,0.3115929742970928,
2022-11-28 00:00:00+00:00,GBPUSD,0.6450952974129462,
2022-11-28 00:00:00+00:00,US500,-0.271030088845422,
2022-11-28 00:00:00+00:00,USDJPY,-0.6902585384861077,
2022-11-28 00:00:00+00:00,XAUUSD,1.168473653614098,
2022-11-29 00:00:00+00:00,EURUSD,1.1015530233453956,
2022-11-29 00:00:00+00:00,GBPUSD,1.0636307799526854,
2022-11-29 00:00:00+00:00,US500,-0.7616274731472977,
2022-11-29 00:00:00+00:00,USDJPY,-0.9595181027436226,
2022-11-29 00:00:00+00:00,XAUUSD,0.7618388147623474,
2022-11-30 00:00:00+00:00,EURUSD,0.8253779985320633,
2022-11-30 00:00:00+00:00,GBPUSD,1.140621265622637,
2022-11-30 00:00:00+00:00,US500,-0.7750832791038368,
2022-11-30 00:00:00+00:00,USDJPY,-0.7198894119927198,
2022-11-30 00:00:00+00:00,XAUUSD,1.1626249186557551,
2022-12-01 00:00:00+00:00,EURUSD,0.04852008195101487,
2022-12-01 00:00:00+00:00,GBPUSD,0.14524707525253705,
2022-12-01 00:00:00+00:00,US500,0.6095108166510306,
2022-12-01 00:00:00+00:00,USDJPY,-1.064738179024999,
2022-12-01 00:00:00+00:00,XAUUSD,0.8667108718876331,
2022-12-02 00:00:00+00:00,EURUSD,-0.22577131092388592,
2022-12-02 00:00:00+00:00,GBPUSD,0.3839321717566083,
2022-12-02 00:00:00+00:00,US500,0.6251406528052716,
2022-12-02 00:00:00+00:00,USDJPY,-0.6251406528052716,
2022-12-02 00:00:00+00:00,XAUUSD,0.3146115617823176,
2022-12-04 00:00:00+00:00,EURUSD,-0.058779825130846126,
2022-12-04 00:00:00+00:00,GBPUSD,1.1191406436783953,
2022-12-04 00:00:00+00:00,US500,0.0,
2022-12-04 00:00:00+00:00,USDJPY,-1.4797710312896997,
2022-12-04 00:00:00+00:00,XAUUSD,0.5132831672713132,
2022-12-05 00:00:00+00:00,EURUSD,2.0972669162400486,
2022-12-05 00:00:00+00:00,GBPUSD,2.698787450312615,
2022-12-05 00:00:00+00:00,US500,1.9644134556037913,
2022-12-05 00:00:00+00:00,USDJPY,-2.698787450312615,
2022-12-05 00:00:00+00:00,XAUUSD,0.5296757113677061,
2022-12-06 00:00:00+00:00,EURUSD,2.1612825559037936,
2022-12-06 00:00:00+00:00,GBPUSD,2.755547220422856,
2022-12-06 00:00:00+00:00,US500,1.553198990399525,
2022-12-06 00:00:00+00:00,USDJPY,-2.4051321335516236,
2022-12-06 00:00:00+00:00,XAUUSD,0.4600366420309072,
2022-12-07 00:00:00+00:00,EURUSD,0.39146558039853385,
2022-12-07 00:00:00+00:00,GBPUSD,2.524493159990547,
2022-12-07 00:00:00+00:00,US500,1.3774169453425016,
2022-12-07 00:00:00+00:00,USDJPY,-2.524493159990547,
2022-12-07 00:00:00+00:00,XAUUSD,0.8213628741805038,
2022-12-08 00:00:00+00:00,EURUSD,-0.5071352865770017,
2022-12-08 00:00:00+00:00,GBPUSD,2.8418491534374537,
2022-12-08 00:00:00+00:00,US500,2.347290202401652,
2022-12-08 00:00:00+00:00,USDJPY,-2.8418491534374537,
2022-12-08 00:00:00+00:00,XAUUSD,0.39273782352001496,
2022-12-09 00:00:00+00:00,EURUSD,-0.7204142150709054,
2022-12-09 00:00:00+00:00,GBPUSD,1.6334013372974783,
2022-12-09 00:00:00+00:00,US500,2.02330485981934,
2022-12-09 00:00:00+00:00,USDJPY,-2.8065799704060255,
2022-12-09 00:00:00+00:00,XAUUSD,-0.5012012601840212,
2022-12-11 00:00:00+00:00,EURUSD,-0.06719896771208778,
2022-12-11 00:00:00+00:00,GBPUSD,1.7400744256061498,
2022-12-11 00:00:00+00:00,US500,0.0,
2022-12-11 00:00:00+00:00,USDJPY,-3.0,
2022-12-11 00:00:00+00:00,XAUUSD,-1.5505729113766553,
2022-12-12 00:00:00+00:00,EURUSD,1.160844623681681,
2022-12-12 00:00:00+00:00,GBPUSD,2.9088655716926572,
2022-12-12 00:00:00+00:00,US500,2.0264183026040437,
2022-12-12 00:00:00+00:00,USDJPY,-3.0,
2022-12-12 00:00:00+00:00,XAUUSD,0.3349214538170995,
2022-12-13 00:00:00+00:00,EURUSD,0.23033822530550732,
2022-12-13 00:00:00+00:00,GBPUSD,2.63468148703004,
2022-12-13 00:00:00+00:00,US500,0.5269362974060081,
2022-12-13 00:00:00+00:00,USDJPY,-2.63468148703004,
2022-12-13 00:00:00+00:00,XAUUSD,1.3326222060154012,
2022-12-14 00:00:00+00:00,EURUSD,0.377573831800443,
2022-12-14 00:00:00+00:00,GBPUSD,2.630320797572415,
2022-12-14 00:00:00+00:00,US500,2.265094194242443,
2022-12-14 00:00:00+00:00,USDJPY,-2.630320797572415,
2022-12-14 00:00:00+00:00,XAUUSD,0.0728698294493358,
2022-12-15 00:00:00+00:00,EURUSD,1.8146698189162225,
2022-12-15 00:00:00+00:00,GBPUSD,1.9653514087149178,
2022-12-15 00:00:00+00:00,US500,2.1057336521945547,
2022-12-15 00:00:00+00:00,USDJPY,-2.1057336521945547,
2022-12-15 00:00:00+00:00,XAUUSD,1.1230579478370957,
2022-12-16 00:00:00+00:00,EURUSD,1.9828265389148005,
2022-12-16 00:00:00+00:00,GBPUSD,2.0120203891771142,
2022-12-16 00:00:00+00:00,US500,2.155736131261194,
2022-12-16 00:00:00+00:00,USDJPY,-1.9244439129918287,
2022-12-16 00:00:00+00:00,XAUUSD,-0.44843854413723694,
2022-12-18 00:00:00+00:00,EURUSD,0.7050203006747087,
2022-12-18 00:00:00+00:00,GBPUSD,2.1569265081211713,
2022-12-18 00:00:00+00:00,US500,0.0,
2022-12-18 00:00:00+00:00,USDJPY,-1.6982036407430263,
2022-12-18 00:00:00+00:00,XAUUSD,-0.24478394106751344,
2022-12-19 00:00:00+00:00,EURUSD,0.9822770194922908,
2022-12-19 00:00:00+00:00,GBPUSD,2.1588013410279694,
2022-12-19 00:00:00+00:00,US500,2.1588013410279694,
2022-12-19 00:00:00+00:00,USDJPY,-2.100760899892783,
2022-12-19 00:00:00+00:00,XAUUSD,0.6968315484723807,
2022-12-20 00:00:00+00:00,EURUSD,1.3545805932383683,
2022-12-20 00:00:00+00:00,GBPUSD,1.9229526407583817,
2022-12-20 00:00:00+00:00,US500,1.9229526407583817,
2022-12-20 00:00:00+00:00,USDJPY,-1.0255747417378036,
2022-12-20 00:00:00+00:00,XAUUSD,-0.40496462433236,
2022-12-21 00:00:00+00:00,EURUSD,1.4447476256787009,
2022-12-21 00:00:00+00:00,GBPUSD,1.2878130604395595,
2022-12-21 00:00:00+00:00,US500,1.931719590659339,
2022-12-21 00:00:00+00:00,USDJPY,-1.2749742320842883,
2022-12-21 00:00:00+00:00,XAUUSD,0.12347026046543073,
2022-12-22 00:00:00+00:00,EURUSD,1.9286082126458552,
2022-12-22 00:00:00+00:00,GBPUSD,0.5142955233722281,
2022-12-22 00:00:00+00:00,US500,1.9286082126458552,
2022-12-22 00:00:00+00:00,USDJPY,-1.2671374085283806,
2022-12-22 00:00:00+00:00,XAUUSD,1.028591046744456,
2022-12-23 00:00:00+00:00,EURUSD,1.647013469851977,
2022-12-23 00:00:00+00:00,GBPUSD,1.2938527313937664,
2022-12-23 00:00:00+00:00,US500,1.9407790970906493,
2022-12-23 00:00:00+00:00,USDJPY,-1.214226481925415,
2022-12-23 00:00:00+00:00,XAUUSD,0.29760345543941774,
2022-12-25 00:00:00+00:00,EURUSD,1.966557992826478,
2022-12-25 00:00:00+00:00,GBPUSD,0.5244154647537275,
2022-12-25 00:00:00+00:00,US500,0.0,
2022-12-25 00:00:00+00:00,USDJPY,-1.9289566113698888,
2022-12-25 00:00:00+00:00,XAUUSD,0.0,
2022-12-26 00:00:00+00:00,EURUSD,1.9688440764022672,
2022-12-26 00:00:00+00:00,GBPUSD,-0.26251254352030245,
2022-12-26 00:00:00+00:00,US500,0.0,
2022-12-26 00:00:00+00:00,USDJPY,-0.5664173618964092,
2022-12-26 00:00:00+00:00,XAUUSD,1.8375878046421161,
2022-12-27 00:00:00+00:00,EURUSD,1.8392319543227025,
2022-12-27 00:00:00+00:00,GBPUSD,-0.46665930561556695,
2022-12-27 00:00:00+00:00,US500,1.9706056653457527,
2022-12-27 00:00:00+00:00,USDJPY,0.2627474220461002,
2022-12-27 00:00:00+00:00,XAUUSD,1.9706056653457527,
2022-12-28 00:00:00+00:00,EURUSD,1.579633496006609,
2022-12-28 00:00:00+00:00,GBPUSD,-0.9171355901531706,
2022-12-28 00:00:00+00:00,US500,2.0285587624817456,
2022-12-28 00:00:00+00:00,USDJPY,-0.4849025813039687,
2022-12-28 00:00:00+00:00,XAUUSD,0.6968510938944932,
2022-12-29 00:00:00+00:00,EURUSD,0.997186568016605,
2022-12-29 00:00:00+00:00,GBPUSD,-0.9732997805656736,
2022-12-29 00:00:00+00:00,US500,2.020678264225056,
2022-12-29 00:00:00+00:00,USDJPY,0.00029472144007981706,
2022-12-29 00:00:00+00:00,XAUUSD,1.1762095070006808,
2022-12-30 00:00:00+00:00,EURUSD,0.7107147499869949,
2022-12-30 00:00:00+00:00,GBPUSD,0.03526810831904135,
2022-12-30 00:00:00+00:00,US500,2.076160876985694,
2022-12-30 00:00:00+00:00,USDJPY,-1.1072858010590367,
2022-12-30 00:00:00+00:00,XAUUSD,0.5983421530101156,
